Timestamp,Year of study,Faculty ,Your GPA Range  ,How do you describe yourself?,Preferred activity type,Are you willing to try new types of events? ,Academic interests,Preferred Learning Platforms,Learning resource  preferences,Preferred learning format,"Extracurricular interest Assessment (1- not interested, 5- very interested)  [Sports]","Extracurricular interest Assessment (1- not interested, 5- very interested)  [Music]","Extracurricular interest Assessment (1- not interested, 5- very interested)  [Photography]","Extracurricular interest Assessment (1- not interested, 5- very interested)  [Volunteering]","Extracurricular interest Assessment (1- not interested, 5- very interested)  [Arts and Crafts]","Rate your preferences for each type of university event (1= Least preferred, 5= Most preferred) [Academic  workshops]","Rate your preferences for each type of university event (1= Least preferred, 5= Most preferred) [Study groups]","Rate your preferences for each type of university event (1= Least preferred, 5= Most preferred) [Cultural programs]","Rate your preferences for each type of university event (1= Least preferred, 5= Most preferred) [Tech events]","Rate your preferences for each type of university event (1= Least preferred, 5= Most preferred) [Social gatherings]","Rate your preferences for each type of university event (1= Least preferred, 5= Most preferred) [Career development sessions]",Preferred mode of participation,How often do you like to attend university events.,Have you attended university events before?,"If yes, Name one or more events you attended.(Academic, Social, Career-related, Cultural, Sports)","Rate your past event experience:  (1= Very poor, 5= Excellent) [Your Rating]",What did you like about previous events?,Any additional suggestions or preferences? 
12/07/2025 00:02:20,3rd Year,Applied Sciences,2.0 – 2.5,Introvert (I like being alone),Group activities,"Maybe, it depends on the event","Technology, Science","KhanAcademy, LinkedIn Learning, University LMS",Based on interest,Video Lectures,5,3,4,4,4,5,5,5,3,4,4,Physical,Occasionally,No,,,,
12/07/2025 00:04:59,3rd Year,Applied Sciences,2.6 – 3.0,Introvert (I like being alone),Individual sessions,"Yes, I’m open to trying new events","Science, Psychology, Soft Skills (Communication, Leadership)","YouTube, LinkedIn Learning, University LMS","Based on interest, Recommended by peers, Suggested by platform","Video Lectures, Notes/PDF, Live Sessions",4,1,5,3,4,5,3,3,3,5,4,Physical,Weekly,No,,,,
12/07/2025 10:13:58,3rd Year,Applied Sciences,2.6 – 3.0,Ambivert (I like both alone time and being with people),No preference,"Yes, I’m open to trying new events",Science,"YouTube, University LMS","Based on interest, Required for exams","Video Lectures, Notes/PDF, Discussion Forums, Live Sessions",1,1,3,3,2,3,3,1,3,3,3,Hybrid,Monthly,Yes,Academic ,3,Leadership ,
12/07/2025 10:18:52,3rd Year,Applied Sciences,2.6 – 3.0,Ambivert (I like both alone time and being with people),Individual sessions,"Maybe, it depends on the event","Technology, Science, Competitive Exams / Certifications, Soft Skills (Communication, Leadership)","YouTube, KhanAcademy, University LMS","Based on interest, Required for exams, Random browsing","Interactive Quizzes, Notes/PDF, Discussion Forums",2,3,5,5,5,3,4,5,3,5,3,Physical,Rarely,No,,1,,
12/07/2025 10:18:56,3rd Year,Agriculture,2.6 – 3.0,Ambivert (I like both alone time and being with people),Group activities,"Yes, I’m open to trying new events",Technology,University LMS,Based on interest,Notes/PDF,5,1,5,4,4,5,5,5,5,5,5,Online,Occasionally,Yes,Culture meet,5,Culture drama ,No
12/07/2025 10:28:53,3rd Year,Applied Sciences,Below 2.0,Introvert (I like being alone),Individual sessions,"Yes, I’m open to trying new events","Technology, Psychology, Soft Skills (Communication, Leadership)","YouTube, LinkedIn Learning, University LMS",Based on interest,"Video Lectures, Notes/PDF",1,1,1,4,2,4,1,1,2,2,1,Online,Rarely,Yes,"Cultural , Career -related",4,Team work and all contributions.,No
12/07/2025 10:30:29,3rd Year,Applied Sciences,2.6 – 3.0,Extrovert (I enjoy being with others),Group activities,"Yes, I’m open to trying new events","Competitive Exams / Certifications, Soft Skills (Communication, Leadership)","YouTube, Coursera",Suggested by platform,"Video Lectures, Interactive Quizzes, Notes/PDF",4,1,4,2,1,2,2,4,2,4,2,Hybrid,Occasionally,Yes,"Academic,sports",4,It's improved team collaboration ,
12/07/2025 10:59:08,3rd Year,Applied Sciences,2.6 – 3.0,Ambivert (I like both alone time and being with people),Group activities,"Yes, I’m open to trying new events",Business & Management,YouTube,Random browsing,Video Lectures,3,3,4,4,4,3,3,3,3,4,4,Physical,Monthly,Yes,"AI Exhibition, captures25 (pera), ignite24",4,"Fully engaged, interesting, well organized, time management is perfect, lecturer/couch conducted the the program well  ",
12/07/2025 11:09:15,3rd Year,Applied Sciences,3.1 – 3.5,Ambivert (I like both alone time and being with people),No preference,"Yes, I’m open to trying new events","Technology, Psychology, Competitive Exams / Certifications, Soft Skills (Communication, Leadership)","YouTube, Coursera, LinkedIn Learning","Based on interest, Recommended by peers, Required for exams, Random browsing, Suggested by platform","Video Lectures, Interactive Quizzes, Notes/PDF, Discussion Forums, Live Sessions",3,4,3,3,3,4,3,3,5,4,4,Hybrid,Occasionally,Yes,NA,3,NA,NA
12/07/2025 11:15:29,3rd Year,Applied Sciences,2.6 – 3.0,Ambivert (I like both alone time and being with people),Individual sessions,"Maybe, it depends on the event",Technology,YouTube,Required for exams,Discussion Forums,3,2,3,1,2,2,2,2,2,3,4,Online,Occasionally,Yes,Career related,3,,
12/07/2025 11:30:53,3rd Year,Applied Sciences,2.6 – 3.0,Introvert (I like being alone),Individual sessions,"No, I prefer familiar events","Technology, Science, Psychology, Competitive Exams / Certifications","YouTube, KhanAcademy","Based on interest, Required for exams, Random browsing","Video Lectures, Notes/PDF",1,3,3,3,4,3,1,1,4,1,2,Online,Rarely,Yes,Academic,4,,
12/07/2025 12:10:18,3rd Year,Agriculture,3.1 – 3.5,Ambivert (I like both alone time and being with people),Group activities,"Maybe, it depends on the event","Technology, Competitive Exams / Certifications, Soft Skills (Communication, Leadership)","YouTube, KhanAcademy, LinkedIn Learning","Based on interest, Random browsing, Suggested by platform","Video Lectures, Notes/PDF, Discussion Forums",5,1,5,5,4,5,5,3,3,5,5,Physical,Weekly,Yes,"sports,Academic Social",5,,
12/07/2025 12:17:33,3rd Year,Agriculture,2.6 – 3.0,Ambivert (I like both alone time and being with people),Individual sessions,"Maybe, it depends on the event","Technology, Science, Psychology, Business & Management","YouTube, Coursera","Required for exams, Random browsing","Video Lectures, Notes/PDF",1,1,5,3,4,3,3,3,3,3,3,Hybrid,Monthly,Yes,New year celebration,3,,
12/07/2025 15:13:48,2nd Year,Technology,2.6 – 3.0,Ambivert (I like both alone time and being with people),Group activities,"Maybe, it depends on the event",Technology,YouTube,"Based on interest, Required for exams, Random browsing","Video Lectures, Notes/PDF",4,1,4,4,2,3,3,3,3,4,3,Hybrid,Weekly,No,,,,
12/07/2025 15:31:41,3rd Year,Applied Sciences,3.1 – 3.5,Ambivert (I like both alone time and being with people),No preference,"Maybe, it depends on the event","Technology, Science, Business & Management","YouTube, Coursera","Required for exams, Random browsing",Video Lectures,3,5,4,3,5,5,1,4,5,2,5,Hybrid,Rarely,Yes,,1,,
12/07/2025 16:08:04,1st Year,Technology,2.6 – 3.0,Ambivert (I like both alone time and being with people),Individual sessions,"Yes, I’m open to trying new events",Technology,YouTube,Required for exams,Video Lectures,3,1,2,2,3,3,3,3,2,3,3,Physical,Weekly,Yes,Culture ,3,Good,No
12/07/2025 17:26:21,3rd Year,Applied Sciences,2.6 – 3.0,Introvert (I like being alone),Individual sessions,"No, I prefer familiar events",Science,YouTube,Based on interest,Discussion Forums,2,4,4,5,1,4,1,1,1,1,3,Online,No preference,No,No,1,I did not participate any events before.,No
12/07/2025 17:28:05,3rd Year,Applied Sciences,2.0 – 2.5,Introvert (I like being alone),Individual sessions,"Maybe, it depends on the event","Technology, Science, Psychology","YouTube, University LMS","Based on interest, Recommended by peers",Notes/PDF,1,5,5,5,5,4,4,2,1,2,2,Physical,Occasionally,Yes,academic,3,,
12/07/2025 17:53:05,3rd Year,Applied Sciences,Below 2.0,Ambivert (I like both alone time and being with people),Individual sessions,"Yes, I’m open to trying new events",Science,YouTube,Suggested by platform,Notes/PDF,2,2,3,3,3,3,1,1,1,3,3,Physical,Monthly,No,No,3,No,No
12/07/2025 18:03:33,3rd Year,Applied Sciences,2.0 – 2.5,Introvert (I like being alone),Individual sessions,"Yes, I’m open to trying new events",Technology,YouTube,Based on interest,"Video Lectures, Notes/PDF",4,3,3,2,2,3,2,2,3,1,4,Online,Occasionally,Yes,Games,4,Good ,No
12/07/2025 18:22:13,3rd Year,Applied Sciences,2.0 – 2.5,Extrovert (I enjoy being with others),Group activities,"Yes, I’m open to trying new events",Science,"YouTube, University LMS","Based on interest, Recommended by peers","Video Lectures, Notes/PDF, Discussion Forums",2,3,4,4,2,4,3,4,3,4,4,Physical,Monthly,No,,3,Thaipongal,
12/07/2025 18:52:46,3rd Year,Applied Sciences,2.0 – 2.5,Introvert (I like being alone),No preference,"Maybe, it depends on the event",Science,"YouTube, ",Based on interest,"Video Lectures, Interactive Quizzes",3,3,5,4,5,4,5,3,3,2,2,Hybrid,Occasionally,Yes,"Academic, sports,career-related",3,,
12/07/2025 19:17:14,3rd Year,Applied Sciences,2.6 – 3.0,Ambivert (I like both alone time and being with people),No preference,"Maybe, it depends on the event",Science,University LMS,Required for exams,Notes/PDF,3,5,4,4,5,5,5,4,4,3,4,Physical,Weekly,Yes,"Cultural, acadamic, social, career related",5,Exhibition (academic event),Department trip 
12/07/2025 19:43:32,3rd Year,Applied Sciences,2.0 – 2.5,Extrovert (I enjoy being with others),Group activities,"Maybe, it depends on the event","Business & Management, Competitive Exams / Certifications, Soft Skills (Communication, Leadership)",YouTube,"Based on interest, Recommended by peers","Video Lectures, Notes/PDF, Live Sessions",4,3,5,5,4,3,5,5,2,3,3,Physical,Occasionally,Yes,FASExplore Exhibition ,3,,
12/07/2025 19:47:29,3rd Year,Applied Sciences,2.6 – 3.0,Extrovert (I enjoy being with others),Individual sessions,"Yes, I’m open to trying new events","Technology, Science, Psychology, Soft Skills (Communication, Leadership)","YouTube, Coursera, LinkedIn Learning, University LMS","Based on interest, Recommended by peers, Random browsing","Video Lectures, Interactive Quizzes, Discussion Forums, Live Sessions",3,5,5,5,3,3,4,3,4,5,5,Physical,Occasionally,Yes,Academic and social and career,4,Social events,No
12/07/2025 19:59:20,3rd Year,Applied Sciences,3.1 – 3.5,Extrovert (I enjoy being with others),Individual sessions,"Maybe, it depends on the event","Science, Business & Management",YouTube,Based on interest,Notes/PDF,4,1,4,2,1,4,4,2,3,2,4,Online,Occasionally,No,,,,
12/07/2025 20:14:57,3rd Year,Applied Sciences,2.6 – 3.0,Ambivert (I like both alone time and being with people),Individual sessions,"Yes, I’m open to trying new events",Science,YouTube,Based on interest,Notes/PDF,1,1,1,2,1,2,3,2,1,2,2,Physical,Weekly,Yes,Exhibition ,3,Good work,No
12/07/2025 20:22:29,3rd Year,Applied Sciences,3.1 – 3.5,Ambivert (I like both alone time and being with people),No preference,"Maybe, it depends on the event",Technology,YouTube,"Based on interest, Recommended by peers, Required for exams, Random browsing",Video Lectures,3,5,5,5,2,5,3,3,5,1,5,Hybrid,Occasionally,Yes,Academic,3,,
12/07/2025 20:29:04,3rd Year,Applied Sciences,2.6 – 3.0,Ambivert (I like both alone time and being with people),No preference,"Maybe, it depends on the event",Technology,YouTube,Based on interest,Video Lectures,1,3,4,2,3,3,2,2,2,2,3,Online,Monthly,Yes,Sports ,2,Mind refreshing ,
12/07/2025 20:29:08,3rd Year,Applied Sciences,2.0 – 2.5,Ambivert (I like both alone time and being with people),Group activities,"Maybe, it depends on the event","Technology, Psychology, Competitive Exams / Certifications, Soft Skills (Communication, Leadership)","YouTube, University LMS","Based on interest, Recommended by peers, Required for exams, Random browsing, Suggested by platform","Video Lectures, Interactive Quizzes, Notes/PDF, Discussion Forums, Live Sessions",2,3,2,2,4,4,4,3,4,4,4,Physical,Monthly,Yes,Academic and career related ,5,Nothing ,No 
12/07/2025 20:34:25,4th Year,Social Sciences & Humanities,3.1 – 3.5,Ambivert (I like both alone time and being with people),Group activities,"Maybe, it depends on the event","Technology, Science, Psychology, Competitive Exams / Certifications, Soft Skills (Communication, Leadership)","YouTube, LinkedIn Learning, University LMS","Based on interest, Recommended by peers, Required for exams","Interactive Quizzes, Notes/PDF, Live Sessions",3,3,3,4,4,5,5,5,4,4,5,Physical,Occasionally,Yes,"Leader & Leadership workshop, Psychology & counseling short course, Parliamentary short course, Career Fair, Annual Cultural Program ",4,It helps us to develop our soft skills through the events. ,- 
12/07/2025 20:59:56,Postgraduate,Technology,3.1 – 3.5,Ambivert (I like both alone time and being with people),Group activities,"Yes, I’m open to trying new events","Technology, Science, Psychology, Business & Management, Soft Skills (Communication, Leadership)","YouTube, Coursera, LinkedIn Learning, University LMS","Based on interest, Recommended by peers","Video Lectures, Interactive Quizzes, Notes/PDF, Discussion Forums, Live Sessions",3,3,5,5,3,3,4,3,5,4,5,Hybrid,Monthly,Yes,Cultural,4,N/A,N/A
12/07/2025 21:16:51,3rd Year,Applied Sciences,,Introvert (I like being alone),Group activities,"Maybe, it depends on the event","Technology, Soft Skills (Communication, Leadership)","YouTube, Coursera, University LMS","Based on interest, Required for exams","Video Lectures, Discussion Forums",5,2,4,5,4,3,2,4,4,5,5,Hybrid,Monthly,Yes,,3,,
12/07/2025 21:56:24,3rd Year,Applied Sciences,2.0 – 2.5,Ambivert (I like both alone time and being with people),Group activities,"Yes, I’m open to trying new events","Soft Skills (Communication, Leadership)",YouTube,Based on interest,Video Lectures,2,4,4,3,4,3,3,4,4,4,4,Physical,Monthly,Yes,Music events,5,,
13/07/2025 00:16:36,3rd Year,Applied Sciences,2.6 – 3.0,Ambivert (I like both alone time and being with people),Individual sessions,"Yes, I’m open to trying new events",Science,YouTube,Based on interest,Notes/PDF,1,1,3,3,2,2,1,1,1,2,1,Online,No preference,No,,1,,
13/07/2025 00:32:01,3rd Year,Applied Sciences,2.6 – 3.0,Ambivert (I like both alone time and being with people),No preference,"Maybe, it depends on the event",Technology,"YouTube, Coursera",Based on interest,"Video Lectures, Notes/PDF",1,1,1,1,1,1,1,1,3,1,4,Hybrid,Occasionally,Yes,,4,,
13/07/2025 01:28:18,3rd Year,Applied Sciences,2.6 – 3.0,Ambivert (I like both alone time and being with people),Group activities,"Yes, I’m open to trying new events","Technology, Science, Psychology, Soft Skills (Communication, Leadership)","YouTube, KhanAcademy","Based on interest, Recommended by peers, Required for exams, Random browsing","Notes/PDF, Discussion Forums, Live Sessions",1,4,5,5,4,5,5,5,3,5,4,Hybrid,Monthly,Yes,"Club activities, exhibitions",5,,
13/07/2025 15:35:57,3rd Year,Applied Sciences,2.6 – 3.0,Introvert (I like being alone),No preference,"Maybe, it depends on the event","Technology, Business & Management","YouTube, Coursera, Simplilearn","Based on interest, Recommended by peers, Required for exams","Video Lectures, Notes/PDF",4,5,3,3,5,4,4,4,4,4,4,Physical,Monthly,Yes,"Social and cultural events, Academic sessions, Faculty meets, Inter university Games",4,Collected memories and gathered experiences.,-
13/07/2025 16:26:30,3rd Year,Applied Sciences,2.0 – 2.5,Extrovert (I enjoy being with others),Individual sessions,"Yes, I’m open to trying new events","Soft Skills (Communication, Leadership)",YouTube,Based on interest,Notes/PDF,5,2,4,3,5,5,4,2,3,4,4,Online,Weekly,Yes,Academic ,4,,No
13/07/2025 18:16:28,3rd Year,Applied Sciences,2.0 – 2.5,Ambivert (I like both alone time and being with people),Group activities,"Maybe, it depends on the event","Science, Soft Skills (Communication, Leadership), Arts, Music","YouTube, KhanAcademy, University LMS, Chat GPT","Based on interest, Recommended by peers","Interactive Quizzes, Notes/PDF, Discussion Forums, Live Sessions",4,5,4,3,5,3,3,4,3,3,4,Physical,Weekly,Yes,"Hikes, Ledership programs",4,Hikes,
13/07/2025 18:34:21,3rd Year,Applied Sciences,2.6 – 3.0,Ambivert (I like both alone time and being with people),No preference,"No, I prefer familiar events","Technology, Soft Skills (Communication, Leadership)",YouTube,"Recommended by peers, Required for exams, Random browsing, Suggested by platform","Interactive Quizzes, Notes/PDF",5,5,2,2,1,3,3,3,2,5,2,Physical,Occasionally,Yes,Social,5,,
14/07/2025 05:45:45,3rd Year,Applied Sciences,,Ambivert (I like both alone time and being with people),No preference,"Maybe, it depends on the event","Psychology, Business & Management, Competitive Exams / Certifications, Soft Skills (Communication, Leadership)","YouTube, Coursera, LinkedIn Learning","Based on interest, Recommended by peers, Required for exams, Random browsing","Video Lectures, Notes/PDF, Discussion Forums",4,4,3,3,2,4,5,4,5,4,5,Physical,Occasionally,Yes,Interfaculty sports,5,,
14/07/2025 23:01:43,3rd Year,Applied Sciences,2.0 – 2.5,Introvert (I like being alone),No preference,"No, I prefer familiar events","Science, Psychology, Soft Skills (Communication, Leadership)","YouTube, University LMS, W3school","Based on interest, Recommended by peers","Video Lectures, Discussion Forums",4,1,4,1,3,3,3,2,3,4,3,Hybrid,Monthly,No,,,,
14/07/2025 23:43:31,3rd Year,Applied Sciences,2.0 – 2.5,Extrovert (I enjoy being with others),Group activities,"Yes, I’m open to trying new events","Science, Business & Management, Competitive Exams / Certifications, Soft Skills (Communication, Leadership)",YouTube,"Based on interest, Recommended by peers","Interactive Quizzes, Notes/PDF",5,3,5,5,3,2,2,4,3,4,3,Physical,Occasionally,Yes,"Faculty sports meet, volunteering projects organized by Rotaract club of Rajarata University, Faxexplore Exhibition 25’",4,,
15/07/2025 00:17:47,3rd Year,Applied Sciences,2.0 – 2.5,Ambivert (I like both alone time and being with people),Group activities,"Maybe, it depends on the event",Business & Management,"YouTube, LinkedIn Learning, University LMS","Based on interest, Recommended by peers, Required for exams","Video Lectures, Notes/PDF",1,5,3,3,5,3,3,5,3,5,3,Hybrid,Occasionally,Yes,"FAS EXPLORE, Fresher's night, Going down",5,Social events,
15/07/2025 00:29:17,3rd Year,Applied Sciences,2.6 – 3.0,Ambivert (I like both alone time and being with people),Group activities,"Yes, I’m open to trying new events",Creativity,YouTube,Based on interest,Video Lectures,4,1,4,3,4,3,4,2,4,3,3,Physical,Occasionally,Yes,Faculty Day,3,Games,No
15/07/2025 07:45:04,3rd Year,Applied Sciences,2.6 – 3.0,Ambivert (I like both alone time and being with people),Group activities,"Maybe, it depends on the event","Technology, Science, Psychology","YouTube, Coursera, LinkedIn Learning, University LMS","Based on interest, Suggested by platform",Video Lectures,1,4,3,1,1,4,4,3,2,4,1,Online,Monthly,Yes,,3,,
15/07/2025 10:17:38,3rd Year,Applied Sciences,2.6 – 3.0,Ambivert (I like both alone time and being with people),Individual sessions,"Maybe, it depends on the event","Science, Psychology, Soft Skills (Communication, Leadership)","YouTube, University LMS, ","Based on interest, Required for exams","Interactive Quizzes, Notes/PDF",2,2,2,3,1,2,2,3,3,3,2,Online,Rarely,Yes,"Career related, Academic ",3,Some of them were motivated us and they showed the right path for a better choice,-
16/07/2025 13:12:00,3rd Year,Applied Sciences,,Ambivert (I like both alone time and being with people),Individual sessions,"Yes, I’m open to trying new events","Technology, Science, Competitive Exams / Certifications, Soft Skills (Communication, Leadership)","YouTube, Coursera, LinkedIn Learning, University LMS","Based on interest, Recommended by peers, Required for exams, Random browsing","Video Lectures, Interactive Quizzes, Discussion Forums, Live Sessions",1,3,2,3,1,5,4,1,4,1,5,Hybrid,Monthly,Yes,,4,,
18/07/2025 15:07:01,3rd Year,Applied Sciences,2.6 – 3.0,Ambivert (I like both alone time and being with people),Group activities,"No, I prefer familiar events","Technology, Science, Soft Skills (Communication, Leadership)","YouTube, Coursera, University LMS","Based on interest, Recommended by peers, Random browsing","Video Lectures, Notes/PDF",5,5,3,3,3,3,3,5,3,5,3,Physical,Weekly,Yes,,5,,
18/07/2025 22:05:41,3rd Year,Applied Sciences,2.6 – 3.0,Extrovert (I enjoy being with others),Group activities,"Yes, I’m open to trying new events","Technology, Competitive Exams / Certifications, Soft Skills (Communication, Leadership)","YouTube, Coursera, KhanAcademy, LinkedIn Learning, University LMS","Based on interest, Required for exams, Suggested by platform","Video Lectures, Interactive Quizzes, Live Sessions",5,3,3,5,3,5,5,5,5,5,5,Online,Monthly,No,,,,No
19/07/2025 00:35:46,Postgraduate,Technology,3.1 – 3.5,Ambivert (I like both alone time and being with people),Individual sessions,"Yes, I’m open to trying new events",Competitive Exams / Certifications,YouTube,Based on interest,Video Lectures,3,4,5,4,4,4,4,4,4,5,5,Hybrid,Weekly,Yes,Career ,4,,
19/07/2025 01:42:55,1st Year,Applied Sciences,2.0 – 2.5,Extrovert (I enjoy being with others),Group activities,"Yes, I’m open to trying new events","Technology, Business & Management, Competitive Exams / Certifications","YouTube, LinkedIn Learning, University LMS","Recommended by peers, Required for exams","Interactive Quizzes, Discussion Forums, Live Sessions",5,3,5,4,2,4,5,5,3,4,2,Physical,Monthly,Yes,"Sports , cultural",4,,
19/07/2025 01:45:04,2nd Year,Agriculture,2.6 – 3.0,Ambivert (I like both alone time and being with people),Individual sessions,"Maybe, it depends on the event","Science, Psychology","YouTube, University LMS","Recommended by peers, Required for exams","Video Lectures, Notes/PDF",3,4,5,3,2,3,2,4,2,4,4,Hybrid,Occasionally,Yes,Sports,4,,
19/07/2025 15:03:21,4th Year,Agriculture,2.6 – 3.0,Ambivert (I like both alone time and being with people),Individual sessions,"Yes, I’m open to trying new events","Technology, Science, Psychology, Soft Skills (Communication, Leadership)","YouTube, LinkedIn Learning, University LMS","Based on interest, Recommended by peers, Random browsing, Suggested by platform","Video Lectures, Notes/PDF, Live Sessions",3,1,5,3,4,5,3,3,4,2,2,Hybrid,Occasionally,Yes,Academic,3,,
19/07/2025 15:07:26,4th Year,Medical & Allied Sciences,3.1 – 3.5,Ambivert (I like both alone time and being with people),Group activities,"Maybe, it depends on the event","Science, Psychology, Soft Skills (Communication, Leadership)","YouTube, KhanAcademy, University LMS","Based on interest, Recommended by peers, Random browsing","Video Lectures, Notes/PDF, Discussion Forums, Live Sessions",3,1,3,3,3,5,5,3,3,2,2,Hybrid,Occasionally,Yes,"Academic,career-related",4, were informative and engaging,no
19/07/2025 15:11:11,2nd Year,Medical & Allied Sciences,2.6 – 3.0,Ambivert (I like both alone time and being with people),Individual sessions,"Yes, I’m open to trying new events","Technology, Science, Psychology, Soft Skills (Communication, Leadership)","YouTube, KhanAcademy, LinkedIn Learning, University LMS","Based on interest, Recommended by peers, Required for exams, Random browsing","Video Lectures, Interactive Quizzes, Notes/PDF, Discussion Forums, Live Sessions",2,1,2,2,2,5,5,2,2,2,3,Hybrid,Occasionally,Yes,Academic,4,"I liked that the events let us share our ideas and talents.

",No
19/07/2025 15:12:54,3rd Year,Management Studies,3.1 – 3.5,Ambivert (I like both alone time and being with people),Group activities,"Yes, I’m open to trying new events","Business & Management, Soft Skills (Communication, Leadership)","YouTube, University LMS","Based on interest, Random browsing","Video Lectures, Notes/PDF",3,1,2,4,2,4,4,2,2,2,2,Hybrid,Monthly,No,,,,no
19/07/2025 15:45:32,3rd Year,Applied Sciences,2.6 – 3.0,Ambivert (I like both alone time and being with people),Individual sessions,"Yes, I’m open to trying new events","Technology, Science, Soft Skills (Communication, Leadership)","YouTube, KhanAcademy, University LMS","Based on interest, Random browsing","Video Lectures, Notes/PDF, Live Sessions",2,2,3,1,1,4,4,1,1,1,2,Hybrid,Occasionally,Yes,social,3,,
19/07/2025 15:49:18,4th Year,Agriculture,2.6 – 3.0,Introvert (I like being alone),Individual sessions,"Maybe, it depends on the event","Technology, Science, Soft Skills (Communication, Leadership)","YouTube, University LMS","Based on interest, Random browsing","Video Lectures, Notes/PDF, Discussion Forums",3,2,2,2,2,5,3,2,2,2,2,Hybrid,Occasionally,Yes,"Academic,new year celebration,sports",4,,-
19/07/2025 16:01:42,3rd Year,Applied Sciences,2.6 – 3.0,Ambivert (I like both alone time and being with people),Group activities,"Yes, I’m open to trying new events","Science, Soft Skills (Communication, Leadership)","YouTube, KhanAcademy, University LMS","Based on interest, Recommended by peers","Video Lectures, Notes/PDF",5,3,2,2,2,4,4,2,1,1,1,Hybrid,Monthly,Yes,sports,4,,-
19/07/2025 16:29:29,2nd Year,Applied Sciences,2.0 – 2.5,Ambivert (I like both alone time and being with people),Individual sessions,"Maybe, it depends on the event",Science,"YouTube, Coursera","Random browsing, Suggested by platform","Video Lectures, Notes/PDF",5,1,1,1,1,4,3,2,2,1,1,Hybrid,Monthly,Yes,sports,4,,No
19/07/2025 19:08:57,3rd Year,Technology,2.6 – 3.0,Introvert (I like being alone),Individual sessions,"Yes, I’m open to trying new events","Technology, Competitive Exams / Certifications","LinkedIn Learning, University LMS","Based on interest, Required for exams, Suggested by platform","Interactive Quizzes, Live Sessions",5,4,4,4,5,5,5,5,5,4,5,Online,Rarely,Yes,Academic ,5,,No
19/07/2025 23:36:41,2nd Year,Management Studies,3.1 – 3.5,Extrovert (I enjoy being with others),Group activities,"Yes, I’m open to trying new events","Science, Competitive Exams / Certifications","Coursera, LinkedIn Learning",Required for exams,"Interactive Quizzes, Live Sessions",3,4,3,5,5,5,5,5,5,5,5,Physical,Monthly,No,,,,no
20/07/2025 22:29:09,2nd Year,Applied Sciences,2.6 – 3.0,Ambivert (I like both alone time and being with people),Group activities,"Maybe, it depends on the event","Science, Soft Skills (Communication, Leadership)","YouTube, University LMS","Based on interest, Random browsing",Notes/PDF,2,1,1,1,2,5,5,3,2,2,3,Hybrid,Occasionally,No,,,,
20/07/2025 22:31:03,1st Year,Management Studies,2.0 – 2.5,Ambivert (I like both alone time and being with people),Group activities,"Yes, I’m open to trying new events","Science, Business & Management","YouTube, University LMS","Based on interest, Suggested by platform","Video Lectures, Discussion Forums",4,1,2,1,1,5,5,2,2,2,1,Physical,Occasionally,Yes,cultural,3,,
20/07/2025 22:32:43,4th Year,Applied Sciences,3.6 – 4.0,Ambivert (I like both alone time and being with people),Individual sessions,"Maybe, it depends on the event","Technology, Science, Psychology, Soft Skills (Communication, Leadership)","YouTube, Coursera, LinkedIn Learning, University LMS","Based on interest, Recommended by peers, Random browsing","Video Lectures, Notes/PDF, Discussion Forums, Live Sessions",3,2,2,3,1,5,5,3,2,2,2,Hybrid,Occasionally,Yes,"Academic,cultural",5,,
20/07/2025 22:45:18,2nd Year,Management Studies,2.6 – 3.0,Extrovert (I enjoy being with others),Group activities,"Yes, I’m open to trying new events","Business & Management, Soft Skills (Communication, Leadership)","YouTube, University LMS","Based on interest, Random browsing","Video Lectures, Notes/PDF",2,2,1,1,1,5,5,2,3,2,2,Hybrid,Rarely,No,,,,
20/07/2025 23:07:27,2nd Year,Management Studies,3.1 – 3.5,Extrovert (I enjoy being with others),Group activities,"Yes, I’m open to trying new events","Business & Management, Competitive Exams / Certifications, Soft Skills (Communication, Leadership)","LinkedIn Learning, University LMS","Based on interest, Required for exams","Interactive Quizzes, Discussion Forums",5,3,4,5,4,5,5,5,5,5,5,Hybrid,Monthly,No,,,,No
20/07/2025 23:08:54,2nd Year,Social Sciences & Humanities,2.6 – 3.0,Extrovert (I enjoy being with others),Group activities,"Maybe, it depends on the event","Science, Soft Skills (Communication, Leadership)","Coursera, University LMS",Recommended by peers,"Video Lectures, Interactive Quizzes",3,2,3,3,4,4,4,4,3,4,3,Hybrid,Monthly,Yes,Cultural,5,,
20/07/2025 23:08:55,1st Year,Technology,2.6 – 3.0,Introvert (I like being alone),Individual sessions,"Maybe, it depends on the event","Technology, Competitive Exams / Certifications, Soft Skills (Communication, Leadership)","YouTube, LinkedIn Learning, University LMS","Required for exams, Suggested by platform","Interactive Quizzes, Discussion Forums, Live Sessions",4,5,4,5,4,5,5,5,5,3,5,Online,Monthly,No,,,,No
20/07/2025 23:09:06,3rd Year,Medical & Allied Sciences,2.6 – 3.0,Ambivert (I like both alone time and being with people),Individual sessions,"Maybe, it depends on the event","Science, Psychology, Soft Skills (Communication, Leadership)","YouTube, KhanAcademy, LinkedIn Learning, University LMS","Based on interest, Recommended by peers, Required for exams, Random browsing","Video Lectures, Interactive Quizzes, Notes/PDF, Discussion Forums",2,1,2,3,1,5,5,2,2,1,1,Hybrid,Occasionally,Yes,"Academic,Cultural",5,,
20/07/2025 23:10:00,2nd Year,Agriculture,3.1 – 3.5,Ambivert (I like both alone time and being with people),No preference,"Yes, I’m open to trying new events","Technology, Psychology","YouTube, University LMS","Based on interest, Random browsing","Video Lectures, Notes/PDF",3,5,5,4,3,5,3,4,5,4,4,Hybrid,Monthly,Yes,Academic,4,Good,
20/07/2025 23:10:59,1st Year,Management Studies,3.1 – 3.5,Ambivert (I like both alone time and being with people),Group activities,"Maybe, it depends on the event","Technology, Business & Management","LinkedIn Learning, University LMS","Based on interest, Required for exams","Interactive Quizzes, Notes/PDF, Live Sessions",4,4,4,5,4,5,5,5,5,3,5,Hybrid,Monthly,No,,,,No
20/07/2025 23:11:07,4th Year,Technology,3.1 – 3.5,Extrovert (I enjoy being with others),Individual sessions,"Yes, I’m open to trying new events","Technology, Science, Psychology","YouTube, Coursera, University LMS","Based on interest, Required for exams","Video Lectures, Discussion Forums, Live Sessions",4,3,3,5,3,5,5,4,5,3,4,Hybrid,Monthly,Yes,Academic,5,,
20/07/2025 23:11:46,3rd Year,Medical & Allied Sciences,2.6 – 3.0,Ambivert (I like both alone time and being with people),Individual sessions,"Yes, I’m open to trying new events","Technology, Science, Psychology, Soft Skills (Communication, Leadership)","YouTube, KhanAcademy, University LMS","Based on interest, Recommended by peers","Video Lectures, Notes/PDF, Discussion Forums, Live Sessions",2,2,1,1,1,5,5,3,3,2,2,Hybrid,Occasionally,Yes,Academic,4,"The talks were easy to understand.

",-
20/07/2025 23:13:26,2nd Year,Agriculture,2.6 – 3.0,Introvert (I like being alone),Individual sessions,"Maybe, it depends on the event","Science, Psychology, Soft Skills (Communication, Leadership)","YouTube, KhanAcademy, University LMS",Based on interest,"Notes/PDF, Discussion Forums, Live Sessions",4,2,5,3,4,4,3,3,3,3,4,Online,Occasionally,No,,,,
24/07/2025 14:42:19,2nd Year,Applied Sciences,2.6 – 3.0,Ambivert (I like both alone time and being with people),Group activities,"Maybe, it depends on the event",Technology,"YouTube, Coursera, LinkedIn Learning, University LMS","Based on interest, Required for exams","Video Lectures, Interactive Quizzes, Notes/PDF, Discussion Forums, Live Sessions",3,2,4,5,3,5,5,5,5,4,5,Hybrid,Occasionally,Yes,"Social, Academic ",5,Good,
26/07/2025 09:33:32,3rd Year,Applied Sciences,2.6 – 3.0,Ambivert (I like both alone time and being with people),Group activities,"Yes, I’m open to trying new events","Science, Soft Skills (Communication, Leadership)","YouTube, LinkedIn Learning, University LMS","Based on interest, Random browsing, Suggested by platform","Video Lectures, Notes/PDF",3,1,3,1,2,4,4,1,1,1,1,Hybrid,Occasionally,Yes,"Academic ,sports",4,,
26/07/2025 09:36:00,3rd Year,Applied Sciences,2.0 – 2.5,Introvert (I like being alone),Individual sessions,"Yes, I’m open to trying new events","Science, Psychology, Soft Skills (Communication, Leadership)","YouTube, University LMS","Based on interest, Recommended by peers, Random browsing","Video Lectures, Notes/PDF",4,1,3,1,1,5,2,1,1,2,2,Hybrid,Occasionally,Yes,Academic sports,4,,
26/07/2025 10:30:52,3rd Year,Applied Sciences,2.6 – 3.0,Ambivert (I like both alone time and being with people),Group activities,"Yes, I’m open to trying new events","Science, Soft Skills (Communication, Leadership)","YouTube, University LMS","Based on interest, Random browsing","Video Lectures, Notes/PDF",2,2,3,1,1,4,4,1,2,2,2,Physical,Rarely,No,,,,
26/07/2025 10:34:15,4th Year,Technology,3.1 – 3.5,Ambivert (I like both alone time and being with people),Group activities,"Yes, I’m open to trying new events","Technology, Competitive Exams / Certifications, Soft Skills (Communication, Leadership)","YouTube, KhanAcademy, University LMS","Based on interest, Recommended by peers, Suggested by platform","Video Lectures, Notes/PDF",1,1,2,1,2,5,4,2,2,1,1,Hybrid,Occasionally,No,,,,
26/07/2025 10:39:53,3rd Year,Agriculture,3.1 – 3.5,Ambivert (I like both alone time and being with people),Individual sessions,"Yes, I’m open to trying new events","Technology, Science, Soft Skills (Communication, Leadership)","YouTube, Coursera, KhanAcademy, University LMS","Based on interest, Recommended by peers, Random browsing","Video Lectures, Notes/PDF",4,2,3,2,2,5,5,3,2,2,2,Hybrid,Occasionally,Yes,"cultural,Academic",4,,
26/07/2025 10:41:36,2nd Year,Medical & Allied Sciences,2.6 – 3.0,Ambivert (I like both alone time and being with people),Individual sessions,"Yes, I’m open to trying new events","Science, Psychology, Soft Skills (Communication, Leadership)","YouTube, Coursera, University LMS","Based on interest, Recommended by peers, Random browsing","Video Lectures, Notes/PDF, Discussion Forums",3,1,1,2,1,5,5,2,2,2,2,Hybrid,Occasionally,Yes,Academic,5,,
26/07/2025 10:44:00,2nd Year,Medical & Allied Sciences,2.6 – 3.0,Ambivert (I like both alone time and being with people),Group activities,"Yes, I’m open to trying new events","Technology, Science, Psychology, Soft Skills (Communication, Leadership)","YouTube, KhanAcademy, University LMS","Based on interest, Required for exams, Random browsing","Video Lectures, Interactive Quizzes, Notes/PDF",2,1,1,2,1,5,5,2,2,2,2,Hybrid,Rarely,Yes,Academic cultural,5,,
30/07/2025 19:35:45,3rd Year,Applied Sciences,2.6 – 3.0,Ambivert (I like both alone time and being with people),Group activities,"Yes, I’m open to trying new events","Science, Soft Skills (Communication, Leadership)","YouTube, University LMS",Random browsing,"Video Lectures, Notes/PDF",2,1,2,2,1,5,3,2,2,3,2,Hybrid,Occasionally,Yes,academic,4,,
30/07/2025 19:37:06,3rd Year,Applied Sciences,2.6 – 3.0,Ambivert (I like both alone time and being with people),Individual sessions,"Yes, I’m open to trying new events","Science, Psychology, Soft Skills (Communication, Leadership)","YouTube, University LMS",Random browsing,"Video Lectures, Notes/PDF",3,2,2,1,1,4,3,2,2,1,1,Hybrid,Occasionally,Yes,sports,4,,
30/07/2025 19:38:11,2nd Year,Applied Sciences,2.6 – 3.0,Ambivert (I like both alone time and being with people),Group activities,"Maybe, it depends on the event","Science, Soft Skills (Communication, Leadership)","YouTube, University LMS",Random browsing,"Video Lectures, Notes/PDF",4,1,2,2,1,4,4,2,2,2,2,Hybrid,Occasionally,No,,,,
30/07/2025 19:40:08,3rd Year,Applied Sciences,2.6 – 3.0,Ambivert (I like both alone time and being with people),Individual sessions,"Maybe, it depends on the event","Technology, Science, Soft Skills (Communication, Leadership)","YouTube, University LMS",Random browsing,Video Lectures,2,1,1,2,1,4,3,2,2,2,3,Hybrid,Occasionally,Yes,careeer-related,4,,
30/07/2025 19:41:38,1st Year,Applied Sciences,2.0 – 2.5,Ambivert (I like both alone time and being with people),Individual sessions,"Yes, I’m open to trying new events","Science, Psychology, Soft Skills (Communication, Leadership)","Coursera, University LMS","Based on interest, Recommended by peers, Random browsing","Video Lectures, Notes/PDF",2,2,3,2,1,4,4,2,2,3,2,Hybrid,Monthly,Yes,Culture,5,,
30/07/2025 19:43:01,2nd Year,Applied Sciences,2.0 – 2.5,Ambivert (I like both alone time and being with people),Individual sessions,"Yes, I’m open to trying new events","Technology, Science, Psychology, Soft Skills (Communication, Leadership)","YouTube, LinkedIn Learning, University LMS",Based on interest,"Video Lectures, Discussion Forums",2,2,1,2,1,4,4,3,2,2,2,Hybrid,Monthly,Yes,Sports,3,,
30/07/2025 21:04:11,2nd Year,Management Studies,2.0 – 2.5,Introvert (I like being alone),Individual sessions,"Yes, I’m open to trying new events","Business & Management, Competitive Exams / Certifications, Soft Skills (Communication, Leadership)","YouTube, University LMS",Random browsing,"Video Lectures, Discussion Forums",2,2,3,2,1,4,4,2,1,1,2,Physical,Monthly,Yes,Social,3,,
30/07/2025 21:05:43,3rd Year,Medical & Allied Sciences,2.6 – 3.0,Introvert (I like being alone),Individual sessions,"Yes, I’m open to trying new events","Science, Psychology, Soft Skills (Communication, Leadership)","YouTube, Coursera, KhanAcademy, LinkedIn Learning, University LMS","Based on interest, Recommended by peers, Required for exams, Random browsing","Video Lectures, Notes/PDF, Discussion Forums, Live Sessions",2,2,3,2,1,5,3,2,2,1,1,Hybrid,Occasionally,Yes,Academic,3,,
30/07/2025 21:07:08,3rd Year,Medical & Allied Sciences,3.1 – 3.5,Introvert (I like being alone),Individual sessions,"Yes, I’m open to trying new events","Technology, Science, Psychology, Soft Skills (Communication, Leadership)","Coursera, University LMS","Recommended by peers, Random browsing","Video Lectures, Interactive Quizzes, Notes/PDF",3,2,2,2,1,5,4,3,2,2,2,Hybrid,Occasionally,Yes,"Academic,Social",5,,
30/07/2025 21:08:47,4th Year,Agriculture,3.1 – 3.5,Ambivert (I like both alone time and being with people),Group activities,"Yes, I’m open to trying new events","Technology, Business & Management, Competitive Exams / Certifications","YouTube, Coursera, University LMS","Based on interest, Recommended by peers, Random browsing","Video Lectures, Interactive Quizzes, Notes/PDF",3,2,3,3,1,5,5,2,2,3,2,Hybrid,Occasionally,Yes,"Academic, Career-related",4,,
30/07/2025 21:32:33,1st Year,Management Studies,2.0 – 2.5,Ambivert (I like both alone time and being with people),Group activities,"Maybe, it depends on the event","Technology, Business & Management, Competitive Exams / Certifications, Soft Skills (Communication, Leadership)","YouTube, University LMS",Random browsing,"Video Lectures, Notes/PDF",2,2,3,2,2,5,4,3,3,3,2,Physical,Occasionally,Yes,Sport,4,,
30/07/2025 21:35:15,3rd Year,Social Sciences & Humanities,2.6 – 3.0,Ambivert (I like both alone time and being with people),Group activities,"Maybe, it depends on the event","Technology, Competitive Exams / Certifications, Soft Skills (Communication, Leadership)","YouTube, University LMS","Based on interest, Random browsing","Video Lectures, Notes/PDF",2,1,2,2,2,4,4,2,2,2,2,Physical,Occasionally,No,,,,
30/07/2025 21:37:10,1st Year,Medical & Allied Sciences,2.6 – 3.0,Extrovert (I enjoy being with others),Group activities,"Maybe, it depends on the event","Science, Soft Skills (Communication, Leadership)","YouTube, University LMS","Based on interest, Suggested by platform","Interactive Quizzes, Discussion Forums",3,3,3,4,4,5,5,5,3,4,5,Physical,Rarely,Yes,,,,
30/07/2025 21:37:55,2nd Year,Social Sciences & Humanities,2.6 – 3.0,Ambivert (I like both alone time and being with people),Group activities,"Yes, I’m open to trying new events","Psychology, Competitive Exams / Certifications, Soft Skills (Communication, Leadership)","YouTube, Coursera, LinkedIn Learning, University LMS","Based on interest, Random browsing","Video Lectures, Notes/PDF",3,2,2,3,2,5,5,3,3,2,2,Hybrid,Occasionally,Yes,Social,3,,
30/07/2025 21:39:31,3rd Year,Agriculture,3.1 – 3.5,Introvert (I like being alone),Individual sessions,"Maybe, it depends on the event","Science, Soft Skills (Communication, Leadership)","YouTube, University LMS",Required for exams,"Video Lectures, Notes/PDF",3,3,5,4,5,5,3,5,3,4,5,Hybrid,Monthly,Yes,,,,
30/07/2025 21:39:56,4th Year,Agriculture,3.1 – 3.5,Ambivert (I like both alone time and being with people),Group activities,"Yes, I’m open to trying new events","Technology, Science, Competitive Exams / Certifications, Soft Skills (Communication, Leadership)","YouTube, Coursera, University LMS","Based on interest, Recommended by peers, Random browsing","Video Lectures, Notes/PDF, Live Sessions",4,2,4,3,3,5,5,4,3,3,3,Hybrid,Occasionally,Yes,"Cultutal,Academic,Social",5,,
30/07/2025 21:41:19,3rd Year,Agriculture,3.1 – 3.5,Ambivert (I like both alone time and being with people),Group activities,"Maybe, it depends on the event","Technology, Soft Skills (Communication, Leadership)",University LMS,Random browsing,"Video Lectures, Notes/PDF",4,3,3,2,1,5,5,3,3,3,3,Hybrid,Monthly,Yes,Sports,3,,
30/07/2025 21:42:43,3rd Year,Social Sciences & Humanities,3.1 – 3.5,Ambivert (I like both alone time and being with people),Individual sessions,"Maybe, it depends on the event","Technology, Competitive Exams / Certifications, Soft Skills (Communication, Leadership)","Coursera, University LMS","Recommended by peers, Random browsing","Video Lectures, Notes/PDF",5,3,4,4,3,5,5,4,4,3,3,Hybrid,Weekly,Yes,"Cultural,academic",5,,
30/07/2025 21:44:29,2nd Year,Technology,2.6 – 3.0,Introvert (I like being alone),Individual sessions,"Yes, I’m open to trying new events","Technology, Soft Skills (Communication, Leadership)","YouTube, University LMS","Based on interest, Recommended by peers, Suggested by platform","Video Lectures, Interactive Quizzes, Discussion Forums",2,2,3,2,1,5,3,3,2,3,2,Hybrid,Weekly,Yes,Career-related,5,,
31/07/2025 19:59:48,1st Year,Applied Sciences,2.6 – 3.0,Ambivert (I like both alone time and being with people),Group activities,"Yes, I’m open to trying new events","Technology, Science, Soft Skills (Communication, Leadership)","Coursera, LinkedIn Learning, University LMS","Based on interest, Random browsing","Video Lectures, Notes/PDF",4,3,5,4,3,5,5,4,3,3,2,Physical,Occasionally,Yes,Academic,3,,
31/07/2025 20:00:54,1st Year,Applied Sciences,2.0 – 2.5,Introvert (I like being alone),Individual sessions,"Maybe, it depends on the event","Science, Soft Skills (Communication, Leadership)","YouTube, University LMS",Random browsing,"Video Lectures, Live Sessions",3,2,2,2,1,4,4,3,3,2,2,Online,Occasionally,No,,,,
31/07/2025 20:02:01,1st Year,Applied Sciences,2.0 – 2.5,Ambivert (I like both alone time and being with people),Group activities,"Maybe, it depends on the event","Technology, Science",YouTube,Based on interest,Video Lectures,2,3,4,3,1,4,3,3,4,4,3,Hybrid,Monthly,No,,,,
31/07/2025 20:03:36,1st Year,Applied Sciences,2.0 – 2.5,Extrovert (I enjoy being with others),Group activities,"No, I prefer familiar events",Psychology,University LMS,Suggested by platform,Notes/PDF,2,3,4,3,2,4,4,3,3,2,2,Hybrid,Monthly,Yes,Social,4,,
31/07/2025 20:05:06,1st Year,Applied Sciences,2.0 – 2.5,Ambivert (I like both alone time and being with people),Group activities,"Yes, I’m open to trying new events","Psychology, Soft Skills (Communication, Leadership)","YouTube, LinkedIn Learning, University LMS","Based on interest, Random browsing",Video Lectures,5,4,5,3,4,5,5,4,4,3,3,Hybrid,Occasionally,Yes,Sports,5,,
31/07/2025 20:06:51,2nd Year,Applied Sciences,2.6 – 3.0,Ambivert (I like both alone time and being with people),Group activities,"No, I prefer familiar events",Science,YouTube,"Random browsing, Suggested by platform","Notes/PDF, Discussion Forums",2,3,4,2,2,5,5,4,4,2,3,Physical,Monthly,Yes,Cultural,4,,
31/07/2025 20:08:34,2nd Year,Applied Sciences,2.6 – 3.0,Extrovert (I enjoy being with others),Group activities,"Maybe, it depends on the event","Science, Competitive Exams / Certifications, Soft Skills (Communication, Leadership)","YouTube, KhanAcademy, University LMS","Recommended by peers, Random browsing","Video Lectures, Notes/PDF",4,4,5,3,4,5,4,4,3,4,2,Hybrid,Occasionally,Yes,Career-related,5,,
31/07/2025 20:10:32,2nd Year,Applied Sciences,2.0 – 2.5,Ambivert (I like both alone time and being with people),Group activities,"Yes, I’m open to trying new events","Science, Psychology, Competitive Exams / Certifications, Soft Skills (Communication, Leadership)",YouTube,Random browsing,"Video Lectures, Notes/PDF, Discussion Forums",4,3,5,3,3,5,4,3,3,4,3,Hybrid,Monthly,No,,,,
31/07/2025 20:11:38,2nd Year,Applied Sciences,2.0 – 2.5,Extrovert (I enjoy being with others),Individual sessions,"No, I prefer familiar events","Science, Soft Skills (Communication, Leadership)",YouTube,Random browsing,Video Lectures,2,2,3,3,2,4,4,3,3,2,2,Hybrid,Occasionally,No,,,,
31/07/2025 20:14:24,3rd Year,Applied Sciences,2.6 – 3.0,Extrovert (I enjoy being with others),Individual sessions,"Yes, I’m open to trying new events","Technology, Science, Psychology","YouTube, Coursera",Based on interest,"Video Lectures, Notes/PDF",3,3,3,4,3,5,5,4,4,4,5,Hybrid,Monthly,Yes,Academic,4,,
31/07/2025 20:16:26,4th Year,Applied Sciences,3.1 – 3.5,Extrovert (I enjoy being with others),Group activities,"Maybe, it depends on the event","Technology, Science, Competitive Exams / Certifications","YouTube, KhanAcademy, University LMS","Based on interest, Recommended by peers","Video Lectures, Notes/PDF, Discussion Forums, Live Sessions",4,3,5,5,5,5,4,4,4,4,5,Hybrid,Monthly,Yes,Career ,4,,
31/07/2025 20:19:14,3rd Year,Applied Sciences,2.0 – 2.5,Introvert (I like being alone),Individual sessions,"Maybe, it depends on the event","Science, Psychology",YouTube,Based on interest,"Video Lectures, Notes/PDF",5,3,5,3,4,4,5,3,4,5,4,Hybrid,Monthly,Yes,Cultural,4,,
31/07/2025 20:21:29,2nd Year,Applied Sciences,2.6 – 3.0,Introvert (I like being alone),Individual sessions,"Maybe, it depends on the event","Science, Soft Skills (Communication, Leadership)","YouTube, KhanAcademy","Based on interest, Random browsing","Notes/PDF, Live Sessions",5,5,3,4,5,4,5,5,4,5,5,Hybrid,Weekly,Yes,Cultural,,,
31/07/2025 20:23:37,1st Year,Applied Sciences,2.6 – 3.0,Extrovert (I enjoy being with others),Group activities,"Yes, I’m open to trying new events","Technology, Science",YouTube,Based on interest,"Video Lectures, Live Sessions",4,4,3,4,4,5,5,5,4,5,5,Physical,Monthly,Yes,Social,5,,
01/08/2025 20:26:08,3rd Year,Applied Sciences,3.1 – 3.5,Ambivert (I like both alone time and being with people),Group activities,"Yes, I’m open to trying new events","Science, Soft Skills (Communication, Leadership)","YouTube, University LMS","Random browsing, Suggested by platform","Video Lectures, Notes/PDF",3,3,4,2,2,5,5,2,2,2,2,Hybrid,Occasionally,No,,,,
01/08/2025 20:27:37,3rd Year,Applied Sciences,2.6 – 3.0,Introvert (I like being alone),Group activities,"Maybe, it depends on the event","Technology, Soft Skills (Communication, Leadership)","YouTube, Coursera","Based on interest, Random browsing","Video Lectures, Live Sessions",4,2,3,3,2,5,4,3,3,2,2,Hybrid,Occasionally,Yes,Academic,4,,
01/08/2025 20:29:24,3rd Year,Applied Sciences,2.6 – 3.0,Ambivert (I like both alone time and being with people),Group activities,"Yes, I’m open to trying new events","Technology, Science","YouTube, Coursera, University LMS","Based on interest, Recommended by peers, Random browsing, Suggested by platform","Video Lectures, Notes/PDF",2,1,1,2,1,4,4,2,2,2,1,Physical,Occasionally,Yes,Sports,5,,
01/08/2025 20:31:04,4th Year,Applied Sciences,3.1 – 3.5,Introvert (I like being alone),Individual sessions,"Yes, I’m open to trying new events","Science, Competitive Exams / Certifications, Soft Skills (Communication, Leadership)","LinkedIn Learning, University LMS","Based on interest, Suggested by platform",Notes/PDF,4,1,2,2,1,5,3,3,2,2,1,Physical,Occasionally,Yes,Academic,5,,
02/08/2025 21:33:24,2nd Year,Applied Sciences,3.1 – 3.5,Ambivert (I like both alone time and being with people),Group activities,"Yes, I’m open to trying new events",Science,"YouTube, University LMS",Random browsing,"Video Lectures, Notes/PDF",2,1,4,2,3,5,5,2,3,2,2,Hybrid,Occasionally,Yes,Academic,5,,
02/08/2025 21:34:43,1st Year,Applied Sciences,2.0 – 2.5,Introvert (I like being alone),Individual sessions,"Yes, I’m open to trying new events","Technology, Science",YouTube,Random browsing,Video Lectures,3,2,2,2,2,5,3,2,3,2,2,Physical,Occasionally,Yes,Social,3,,
02/08/2025 21:45:48,1st Year,Applied Sciences,2.0 – 2.5,Introvert (I like being alone),Individual sessions,"Maybe, it depends on the event","Technology, Science","LinkedIn Learning, University LMS",Based on interest,Interactive Quizzes,2,2,2,5,4,5,3,5,5,3,5,Hybrid,Rarely,Yes,,,,
02/08/2025 22:00:11,1st Year,Applied Sciences,2.6 – 3.0,Extrovert (I enjoy being with others),Group activities,"Yes, I’m open to trying new events",Science,YouTube,Required for exams,Interactive Quizzes,5,3,5,1,3,3,5,2,3,5,5,Physical,Occasionally,Yes,cultural events,4,,
02/08/2025 22:01:00,2nd Year,Applied Sciences,2.0 – 2.5,Extrovert (I enjoy being with others),Group activities,"Yes, I’m open to trying new events","Technology, Soft Skills (Communication, Leadership)","YouTube, LinkedIn Learning",Required for exams,Live Sessions,3,3,2,5,2,5,5,5,5,5,5,Online,Monthly,No,,,,
02/08/2025 22:08:13,2nd Year,Applied Sciences,2.6 – 3.0,Ambivert (I like both alone time and being with people),Group activities,"Maybe, it depends on the event","Business & Management, Soft Skills (Communication, Leadership)","YouTube, LinkedIn Learning",Based on interest,"Interactive Quizzes, Discussion Forums",3,3,3,4,4,4,4,5,5,5,5,Hybrid,Monthly,No,,,,
03/08/2025 00:50:20,2nd Year,Applied Sciences,2.0 – 2.5,Ambivert (I like both alone time and being with people),Group activities,"No, I prefer familiar events","Science, Soft Skills (Communication, Leadership)","YouTube, University LMS","Based on interest, Required for exams","Interactive Quizzes, Live Sessions",1,3,3,4,3,4,4,4,5,5,5,Hybrid,Rarely,No,,,,
03/08/2025 00:53:10,3rd Year,Applied Sciences,2.6 – 3.0,Extrovert (I enjoy being with others),Group activities,"Maybe, it depends on the event","Science, Business & Management",YouTube,"Recommended by peers, Required for exams","Discussion Forums, Live Sessions",5,3,3,4,3,5,5,5,3,5,5,Hybrid,Monthly,Yes,,,,
03/08/2025 00:55:08,2nd Year,Applied Sciences,3.1 – 3.5,Introvert (I like being alone),Individual sessions,"Maybe, it depends on the event",Science,"YouTube, University LMS",Based on interest,"Interactive Quizzes, Live Sessions",1,1,1,3,3,5,3,5,5,3,5,Hybrid,Monthly,Yes,,,,
03/08/2025 08:51:33,1st Year,Applied Sciences,2.6 – 3.0,Ambivert (I like both alone time and being with people),Group activities,"Maybe, it depends on the event","Science, Psychology","YouTube, KhanAcademy",Based on interest,"Video Lectures, Discussion Forums, Live Sessions",4,3,3,4,5,5,4,5,4,5,5,Physical,Monthly,No,,,,
03/08/2025 08:54:38,1st Year,Applied Sciences,2.0 – 2.5,Extrovert (I enjoy being with others),Group activities,"Yes, I’m open to trying new events","Technology, Science","YouTube, University LMS",Based on interest,"Video Lectures, Notes/PDF",4,5,4,4,5,5,4,4,5,4,4,Physical,Monthly,Yes,Cultural,4,,
03/08/2025 08:57:36,3rd Year,Applied Sciences,2.0 – 2.5,Extrovert (I enjoy being with others),Group activities,"Maybe, it depends on the event",Science,"YouTube, University LMS",Based on interest,Interactive Quizzes,3,3,3,4,4,5,5,5,3,5,5,Online,Monthly,Yes,,,,
03/08/2025 09:02:32,2nd Year,Applied Sciences,2.6 – 3.0,Introvert (I like being alone),Individual sessions,"Maybe, it depends on the event","Science, Psychology","YouTube, KhanAcademy",Based on interest,"Video Lectures, Notes/PDF",5,4,4,5,5,5,4,4,3,3,4,Online,Monthly,No,,,,
03/08/2025 09:37:54,2nd Year,Applied Sciences,2.6 – 3.0,Introvert (I like being alone),Individual sessions,"Maybe, it depends on the event","Science, Soft Skills (Communication, Leadership)","YouTube, University LMS","Based on interest, Recommended by peers","Video Lectures, Notes/PDF",4,3,4,5,4,4,4,4,3,3,5,Hybrid,Monthly,Yes,Academic,4,,
03/08/2025 09:39:57,2nd Year,Applied Sciences,2.0 – 2.5,Extrovert (I enjoy being with others),Group activities,"Yes, I’m open to trying new events","Science, Competitive Exams / Certifications","YouTube, University LMS",Based on interest,"Notes/PDF, Live Sessions",5,4,4,5,5,5,4,4,3,4,5,Hybrid,Monthly,No,,,,
03/08/2025 10:25:32,2nd Year,Applied Sciences,2.6 – 3.0,Ambivert (I like both alone time and being with people),Group activities,"Yes, I’m open to trying new events","Technology, Soft Skills (Communication, Leadership)","YouTube, Coursera, University LMS","Based on interest, Recommended by peers, Required for exams","Video Lectures, Notes/PDF, Live Sessions",5,4,5,5,5,4,5,3,5,4,5,Hybrid,Monthly,No,,,,
03/08/2025 10:40:14,2nd Year,Applied Sciences,3.1 – 3.5,Ambivert (I like both alone time and being with people),Group activities,"Yes, I’m open to trying new events",Science,YouTube,Random browsing,Notes/PDF,3,3,2,3,3,4,3,2,2,3,4,Physical,Occasionally,Yes,,,,
03/08/2025 11:38:16,3rd Year,Applied Sciences,2.6 – 3.0,Extrovert (I enjoy being with others),Group activities,"Maybe, it depends on the event",Science,"YouTube, University LMS",Based on interest,"Notes/PDF, Live Sessions",1,1,3,5,4,4,5,5,4,5,4,Hybrid,Monthly,Yes,,,,
03/08/2025 11:41:50,3rd Year,Applied Sciences,2.0 – 2.5,Ambivert (I like both alone time and being with people),Group activities,"Yes, I’m open to trying new events","Technology, Soft Skills (Communication, Leadership)","YouTube, University LMS","Based on interest, Recommended by peers","Interactive Quizzes, Live Sessions",1,1,3,5,3,4,4,4,4,4,5,Online,Rarely,No,,,,
03/08/2025 12:28:38,2nd Year,Applied Sciences,2.6 – 3.0,Introvert (I like being alone),Individual sessions,"Maybe, it depends on the event",Science,"YouTube, University LMS","Based on interest, Required for exams","Video Lectures, Notes/PDF",5,3,4,4,4,5,4,4,3,4,5,Hybrid,Monthly,No,,,,
03/08/2025 16:07:58,2nd Year,Applied Sciences,2.6 – 3.0,Ambivert (I like both alone time and being with people),Group activities,"Yes, I’m open to trying new events","Science, Soft Skills (Communication, Leadership)","YouTube, University LMS",Random browsing,Video Lectures,2,1,1,1,2,5,4,3,2,2,1,Physical,Occasionally,Yes,Academic,4,,
03/08/2025 16:33:59,2nd Year,Applied Sciences,3.1 – 3.5,Ambivert (I like both alone time and being with people),Group activities,"Yes, I’m open to trying new events","Science, Competitive Exams / Certifications, Soft Skills (Communication, Leadership)","YouTube, University LMS",Required for exams,"Interactive Quizzes, Live Sessions",4,4,4,5,2,4,5,5,3,5,5,Online,Rarely,No,,,,
03/08/2025 16:36:06,3rd Year,Applied Sciences,2.0 – 2.5,Extrovert (I enjoy being with others),Group activities,"Maybe, it depends on the event","Science, Competitive Exams / Certifications, Soft Skills (Communication, Leadership)","LinkedIn Learning, University LMS","Required for exams, Suggested by platform","Discussion Forums, Live Sessions",1,2,3,5,1,3,5,5,3,5,5,Hybrid,Occasionally,Yes,,,,
03/08/2025 16:38:21,1st Year,Applied Sciences,3.1 – 3.5,Introvert (I like being alone),Individual sessions,"No, I prefer familiar events",Science,"YouTube, University LMS",Based on interest,"Video Lectures, Notes/PDF, Live Sessions",1,3,1,4,3,4,4,5,3,2,4,Online,Monthly,No,,,,
03/08/2025 16:47:09,3rd Year,Applied Sciences,2.0 – 2.5,Ambivert (I like both alone time and being with people),Group activities,"Yes, I’m open to trying new events",Science,"YouTube, University LMS","Based on interest, Required for exams, Suggested by platform","Video Lectures, Interactive Quizzes",3,3,3,4,3,4,4,5,4,4,5,Online,Occasionally,Yes,,,,
03/08/2025 17:02:23,2nd Year,Applied Sciences,2.6 – 3.0,Extrovert (I enjoy being with others),Group activities,"Maybe, it depends on the event","Science, Competitive Exams / Certifications, Soft Skills (Communication, Leadership)","YouTube, Coursera","Based on interest, Recommended by peers, Required for exams","Video Lectures, Live Sessions",2,2,4,5,4,4,4,5,3,5,4,Online,Monthly,No,,,,
03/08/2025 17:06:05,2nd Year,Applied Sciences,3.1 – 3.5,Introvert (I like being alone),Individual sessions,"No, I prefer familiar events","Science, Competitive Exams / Certifications","YouTube, Coursera, LinkedIn Learning","Based on interest, Suggested by platform","Discussion Forums, Live Sessions",5,4,3,5,3,4,2,4,2,2,4,Hybrid,Rarely,No,,,,
03/08/2025 17:09:40,3rd Year,Applied Sciences,,Ambivert (I like both alone time and being with people),No preference,"Maybe, it depends on the event","Science, Psychology, Soft Skills (Communication, Leadership)","YouTube, Coursera, University LMS",Suggested by platform,"Notes/PDF, Discussion Forums",2,2,2,4,2,4,5,4,5,4,5,Hybrid,Occasionally,Yes,,,,
03/08/2025 17:13:34,3rd Year,Applied Sciences,,Ambivert (I like both alone time and being with people),No preference,"Maybe, it depends on the event","Science, Competitive Exams / Certifications","YouTube, Coursera","Based on interest, Suggested by platform","Video Lectures, Discussion Forums, Live Sessions",2,2,2,5,4,4,5,5,4,5,5,Hybrid,Monthly,No,,,,
03/08/2025 17:18:12,1st Year,Applied Sciences,2.6 – 3.0,Introvert (I like being alone),Individual sessions,"Maybe, it depends on the event","Science, Competitive Exams / Certifications","Coursera, University LMS","Based on interest, Required for exams","Video Lectures, Live Sessions",3,3,4,4,4,4,4,5,3,4,4,Online,Rarely,Yes,,,,
03/08/2025 17:21:57,3rd Year,Applied Sciences,2.0 – 2.5,Ambivert (I like both alone time and being with people),Group activities,"Maybe, it depends on the event","Competitive Exams / Certifications, Soft Skills (Communication, Leadership)","YouTube, University LMS",Based on interest,"Interactive Quizzes, Live Sessions",2,2,3,4,3,4,4,3,4,5,5,Hybrid,Monthly,Yes,,,,
03/08/2025 17:29:55,1st Year,Applied Sciences,,Introvert (I like being alone),Individual sessions,"Maybe, it depends on the event","Science, Competitive Exams / Certifications, Soft Skills (Communication, Leadership)","YouTube, Coursera","Based on interest, Required for exams","Video Lectures, Notes/PDF",3,3,4,4,2,4,3,5,4,3,5,Online,Rarely,No,,,,
03/08/2025 19:05:54,2nd Year,Applied Sciences,2.6 – 3.0,Ambivert (I like both alone time and being with people),Group activities,"Yes, I’m open to trying new events","Competitive Exams / Certifications, Soft Skills (Communication, Leadership)","YouTube, Coursera, University LMS","Based on interest, Required for exams, Suggested by platform","Video Lectures, Interactive Quizzes",2,2,3,3,3,4,5,5,4,5,5,Hybrid,Monthly,Yes,,,,
03/08/2025 23:48:52,3rd Year,Applied Sciences,2.6 – 3.0,Introvert (I like being alone),Individual sessions,"No, I prefer familiar events","Technology, Psychology","YouTube, KhanAcademy",Based on interest,"Video Lectures, Notes/PDF",5,3,4,3,4,5,4,4,3,4,5,Online,Monthly,Yes,Academic,4,,
03/08/2025 23:53:36,2nd Year,Applied Sciences,2.0 – 2.5,Introvert (I like being alone),Individual sessions,"Maybe, it depends on the event","Technology, Psychology","YouTube, University LMS",Based on interest,"Video Lectures, Notes/PDF",5,5,5,4,4,4,4,3,5,3,4,Hybrid,Occasionally,Yes,Tech,5,,
04/08/2025 00:00:53,2nd Year,Applied Sciences,2.6 – 3.0,Ambivert (I like both alone time and being with people),Group activities,"Yes, I’m open to trying new events","Science, Soft Skills (Communication, Leadership)","YouTube, University LMS","Based on interest, Random browsing","Video Lectures, Notes/PDF",3,2,2,3,2,5,5,3,3,2,1,Online,Occasionally,Yes,Academic,4,,
04/08/2025 00:02:34,2nd Year,Applied Sciences,2.6 – 3.0,Introvert (I like being alone),Individual sessions,"Maybe, it depends on the event","Technology, Science, Soft Skills (Communication, Leadership)","YouTube, Coursera, University LMS",Random browsing,"Video Lectures, Notes/PDF, Live Sessions",2,2,3,2,3,5,5,4,3,3,3,Physical,Occasionally,No,,,,
04/08/2025 00:04:30,1st Year,Applied Sciences,2.0 – 2.5,Introvert (I like being alone),Individual sessions,"No, I prefer familiar events",Science,"YouTube, LinkedIn Learning, University LMS","Based on interest, Random browsing","Video Lectures, Discussion Forums",3,3,4,2,2,5,4,3,3,2,3,Online,Monthly,Yes,"Academic,sports",3,,
04/08/2025 00:08:10,1st Year,Applied Sciences,2.6 – 3.0,Ambivert (I like both alone time and being with people),Group activities,"No, I prefer familiar events","Science, Soft Skills (Communication, Leadership)","Coursera, University LMS",Random browsing,Notes/PDF,3,4,5,2,3,5,4,3,3,2,2,Physical,Rarely,No,,,,
04/08/2025 00:11:03,1st Year,Applied Sciences,2.6 – 3.0,Ambivert (I like both alone time and being with people),Group activities,"Maybe, it depends on the event","Technology, Science, Psychology","YouTube, University LMS",Random browsing,"Video Lectures, Notes/PDF",4,3,3,2,2,5,4,3,3,3,2,Online,Occasionally,No,,,,
04/08/2025 00:12:38,1st Year,Applied Sciences,2.6 – 3.0,Ambivert (I like both alone time and being with people),Group activities,"Maybe, it depends on the event","Technology, Science, Psychology","LinkedIn Learning, University LMS","Based on interest, Recommended by peers, Required for exams",Notes/PDF,3,2,3,3,3,5,5,2,2,2,2,Hybrid,Occasionally,Yes,sports,4,,
04/08/2025 00:15:16,1st Year,Applied Sciences,2.6 – 3.0,Ambivert (I like both alone time and being with people),Group activities,"Yes, I’m open to trying new events","Technology, Science","YouTube, LinkedIn Learning, University LMS",Random browsing,"Video Lectures, Notes/PDF",4,3,4,3,2,4,4,1,1,1,1,Physical,Monthly,Yes,Cultural,5,,
04/08/2025 00:17:03,1st Year,Applied Sciences,2.6 – 3.0,Ambivert (I like both alone time and being with people),Group activities,"No, I prefer familiar events","Psychology, Soft Skills (Communication, Leadership)","YouTube, Coursera, University LMS","Based on interest, Random browsing","Video Lectures, Notes/PDF, Live Sessions",4,5,5,3,5,5,5,3,4,3,3,Hybrid,Monthly,Yes,"sports,Acdemic,Cultural",4,,
04/08/2025 00:19:13,1st Year,Applied Sciences,2.0 – 2.5,Introvert (I like being alone),Individual sessions,"Maybe, it depends on the event","Technology, Science, Psychology","LinkedIn Learning, University LMS","Required for exams, Random browsing",Notes/PDF,1,1,1,1,1,4,1,2,2,1,1,Hybrid,Rarely,No,,,,
04/08/2025 00:20:51,1st Year,Applied Sciences,2.6 – 3.0,Extrovert (I enjoy being with others),Group activities,"No, I prefer familiar events",Psychology,YouTube,Random browsing,Video Lectures,2,1,2,1,2,5,4,2,1,1,2,Physical,Rarely,Yes,Academic,5,,
04/08/2025 00:22:55,3rd Year,Applied Sciences,3.1 – 3.5,Introvert (I like being alone),Individual sessions,"Maybe, it depends on the event","Science, Psychology","YouTube, University LMS",Random browsing,"Video Lectures, Discussion Forums",3,3,3,3,3,5,2,1,2,2,2,Online,Weekly,Yes,Academic,4,,
04/08/2025 00:24:37,1st Year,Applied Sciences,2.0 – 2.5,Extrovert (I enjoy being with others),Group activities,"Yes, I’m open to trying new events","Science, Psychology, Competitive Exams / Certifications, Soft Skills (Communication, Leadership)","YouTube, Coursera, KhanAcademy, LinkedIn Learning, University LMS","Based on interest, Required for exams, Random browsing","Video Lectures, Interactive Quizzes, Notes/PDF, Discussion Forums, Live Sessions",5,3,5,3,3,5,4,3,3,3,3,Hybrid,Occasionally,Yes,Sports,5,,
04/08/2025 00:26:06,1st Year,Applied Sciences,2.0 – 2.5,Introvert (I like being alone),Individual sessions,"Maybe, it depends on the event","Technology, Science, Soft Skills (Communication, Leadership)","YouTube, University LMS","Recommended by peers, Random browsing","Video Lectures, Notes/PDF",3,2,2,1,2,5,2,2,2,1,1,Hybrid,Occasionally,No,,,,
04/08/2025 00:41:58,2nd Year,Applied Sciences,2.0 – 2.5,Ambivert (I like both alone time and being with people),Group activities,"Maybe, it depends on the event","Science, Soft Skills (Communication, Leadership)","YouTube, Coursera","Based on interest, Required for exams","Video Lectures, Live Sessions",5,3,2,4,3,2,4,5,3,4,3,Hybrid,Occasionally,Yes,,,,
04/08/2025 00:48:26,1st Year,Applied Sciences,2.6 – 3.0,Extrovert (I enjoy being with others),Group activities,"Maybe, it depends on the event","Technology, Science, Psychology, Competitive Exams / Certifications, Soft Skills (Communication, Leadership)","YouTube, University LMS",Random browsing,"Video Lectures, Notes/PDF",5,2,2,2,2,4,4,2,2,2,1,Hybrid,Occasionally,No,,,,
04/08/2025 00:55:46,1st Year,Applied Sciences,2.0 – 2.5,Extrovert (I enjoy being with others),Group activities,"Yes, I’m open to trying new events","Science, Psychology","Coursera, University LMS","Recommended by peers, Suggested by platform","Interactive Quizzes, Live Sessions",2,5,3,4,4,5,5,5,3,4,5,Online,Monthly,Yes,,,,
04/08/2025 01:03:06,1st Year,Applied Sciences,2.0 – 2.5,Introvert (I like being alone),Individual sessions,"Maybe, it depends on the event","Science, Psychology, Competitive Exams / Certifications","Coursera, KhanAcademy","Required for exams, Suggested by platform","Interactive Quizzes, Notes/PDF",1,1,2,4,3,5,2,5,3,1,5,Online,Monthly,No,,,,
04/08/2025 01:06:35,2nd Year,Applied Sciences,2.6 – 3.0,Extrovert (I enjoy being with others),Group activities,"Yes, I’m open to trying new events","Science, Psychology",YouTube,"Based on interest, Required for exams","Video Lectures, Interactive Quizzes",3,3,2,3,4,4,5,5,5,5,4,Hybrid,Occasionally,Yes,,,,
04/08/2025 01:11:05,1st Year,Applied Sciences,2.0 – 2.5,Extrovert (I enjoy being with others),Group activities,"Yes, I’m open to trying new events","Technology, Soft Skills (Communication, Leadership)",University LMS,Required for exams,"Video Lectures, Interactive Quizzes",4,3,4,5,3,4,3,4,5,4,5,Hybrid,Monthly,Yes,Tech events,4,,
04/08/2025 01:17:52,1st Year,Applied Sciences,3.1 – 3.5,Introvert (I like being alone),Individual sessions,"No, I prefer familiar events","Science, Psychology, Competitive Exams / Certifications","YouTube, University LMS","Based on interest, Recommended by peers","Interactive Quizzes, Live Sessions",2,2,3,2,4,4,3,4,3,2,4,Hybrid,Monthly,No,,,,
04/08/2025 01:25:34,1st Year,Applied Sciences,2.6 – 3.0,Introvert (I like being alone),Individual sessions,"Maybe, it depends on the event","Technology, Soft Skills (Communication, Leadership)",YouTube,Based on interest,"Video Lectures, Notes/PDF",4,2,3,5,4,4,3,3,5,4,5,Hybrid,Monthly,Yes,Career-related,4,,
04/08/2025 01:37:18,2nd Year,Applied Sciences,2.6 – 3.0,Extrovert (I enjoy being with others),Group activities,"Yes, I’m open to trying new events","Science, Business & Management","YouTube, University LMS","Based on interest, Required for exams","Notes/PDF, Live Sessions",4,4,4,5,4,5,3,4,5,3,4,Hybrid,Monthly,Yes,Academic ,4,,
04/08/2025 01:44:19,2nd Year,Applied Sciences,,Extrovert (I enjoy being with others),Group activities,"Maybe, it depends on the event","Science, Competitive Exams / Certifications, Soft Skills (Communication, Leadership)","Coursera, LinkedIn Learning","Based on interest, Required for exams","Interactive Quizzes, Notes/PDF, Live Sessions",3,4,4,5,3,5,5,5,3,5,5,Online,Monthly,Yes,,,,
04/08/2025 02:41:00,1st Year,Applied Sciences,2.0 – 2.5,Introvert (I like being alone),Individual sessions,"Maybe, it depends on the event","Science, Psychology","YouTube, University LMS",Random browsing,"Video Lectures, Notes/PDF",4,3,3,4,2,5,1,4,2,3,1,Online,Monthly,No,,,,
04/08/2025 02:42:13,1st Year,Applied Sciences,2.6 – 3.0,Ambivert (I like both alone time and being with people),Group activities,"Yes, I’m open to trying new events","Science, Psychology","YouTube, Coursera","Random browsing, Suggested by platform","Video Lectures, Notes/PDF",4,3,2,2,2,5,4,2,2,3,2,Physical,Occasionally,No,,,,
04/08/2025 02:43:31,1st Year,Applied Sciences,2.0 – 2.5,Ambivert (I like both alone time and being with people),Group activities,"Maybe, it depends on the event","Science, Psychology, Soft Skills (Communication, Leadership)","YouTube, LinkedIn Learning, University LMS","Based on interest, Required for exams, Random browsing","Video Lectures, Interactive Quizzes, Live Sessions",2,3,2,2,2,5,4,2,3,2,3,Physical,Occasionally,No,,,,
04/08/2025 02:45:46,1st Year,Applied Sciences,2.0 – 2.5,Extrovert (I enjoy being with others),Group activities,"Yes, I’m open to trying new events",Technology,YouTube,Random browsing,Video Lectures,2,2,3,2,1,4,4,2,1,1,1,Hybrid,Monthly,No,,,,
04/08/2025 02:45:46,1st Year,Applied Sciences,2.0 – 2.5,Extrovert (I enjoy being with others),Group activities,"Yes, I’m open to trying new events","Technology, Business & Management",University LMS,Required for exams,"Video Lectures, Notes/PDF, Discussion Forums",5,4,4,5,4,4,3,4,5,3,4,Hybrid,Monthly,Yes,Tech event,4,,
04/08/2025 02:46:54,2nd Year,Applied Sciences,2.6 – 3.0,Ambivert (I like both alone time and being with people),Group activities,"Yes, I’m open to trying new events","Technology, Science, Soft Skills (Communication, Leadership)","YouTube, University LMS",Random browsing,"Video Lectures, Notes/PDF",3,2,2,1,1,5,4,1,2,1,2,Hybrid,Occasionally,No,,,,
04/08/2025 02:47:37,1st Year,Applied Sciences,2.6 – 3.0,Ambivert (I like both alone time and being with people),Group activities,"Maybe, it depends on the event","Science, Business & Management",University LMS,Based on interest,"Video Lectures, Notes/PDF",4,3,5,3,4,4,4,4,3,4,5,Hybrid,Monthly,Yes,Academic,4,,
04/08/2025 02:48:42,2nd Year,Applied Sciences,2.0 – 2.5,Introvert (I like being alone),Individual sessions,"No, I prefer familiar events","Science, Psychology","YouTube, University LMS","Based on interest, Random browsing","Video Lectures, Notes/PDF",2,1,1,1,1,4,3,1,2,1,1,Online,Rarely,No,,,,
04/08/2025 02:49:20,2nd Year,Applied Sciences,,Ambivert (I like both alone time and being with people),Group activities,"No, I prefer familiar events","Technology, Psychology, Competitive Exams / Certifications, Soft Skills (Communication, Leadership)","YouTube, LinkedIn Learning","Based on interest, Recommended by peers, Required for exams","Interactive Quizzes, Discussion Forums, Live Sessions",1,2,3,4,3,4,4,5,2,5,5,Hybrid,Monthly,Yes,,,,
04/08/2025 02:49:58,2nd Year,Applied Sciences,2.6 – 3.0,Extrovert (I enjoy being with others),Group activities,"Maybe, it depends on the event","Psychology, Soft Skills (Communication, Leadership)","YouTube, KhanAcademy, University LMS","Random browsing, Suggested by platform","Video Lectures, Notes/PDF",1,1,2,1,1,4,4,1,2,1,1,Hybrid,Occasionally,No,,,,
04/08/2025 02:51:12,2nd Year,Applied Sciences,2.6 – 3.0,Ambivert (I like both alone time and being with people),Individual sessions,"Maybe, it depends on the event","Psychology, Soft Skills (Communication, Leadership)","YouTube, Coursera","Based on interest, Recommended by peers","Interactive Quizzes, Notes/PDF",4,3,4,5,4,4,3,3,4,3,5,Hybrid,Weekly,Yes,Career-related,4,,
04/08/2025 02:51:14,1st Year,Applied Sciences,Below 2.0,Ambivert (I like both alone time and being with people),Group activities,"No, I prefer familiar events",Technology,YouTube,Random browsing,Video Lectures,2,1,2,1,1,3,3,1,2,1,1,Online,Occasionally,Yes,,,,
04/08/2025 02:52:53,1st Year,Applied Sciences,2.6 – 3.0,Ambivert (I like both alone time and being with people),Group activities,"Yes, I’m open to trying new events","Science, Psychology","YouTube, University LMS",Based on interest,"Video Lectures, Notes/PDF",2,2,3,2,1,5,4,2,2,1,1,Hybrid,Occasionally,No,,,,
04/08/2025 02:54:15,1st Year,Applied Sciences,2.0 – 2.5,Ambivert (I like both alone time and being with people),Group activities,"Yes, I’m open to trying new events","Psychology, Competitive Exams / Certifications","YouTube, KhanAcademy",Based on interest,"Video Lectures, Interactive Quizzes",4,4,4,5,4,4,4,4,4,3,5,Hybrid,Monthly,Yes,Career-related,4,,
04/08/2025 02:55:09,1st Year,Applied Sciences,2.6 – 3.0,Introvert (I like being alone),Individual sessions,"No, I prefer familiar events","Psychology, Soft Skills (Communication, Leadership)","YouTube, University LMS",Random browsing,"Video Lectures, Notes/PDF",2,2,3,1,2,4,1,2,2,1,1,Physical,Occasionally,Yes,Academy,,,
04/08/2025 02:56:42,3rd Year,Applied Sciences,,Extrovert (I enjoy being with others),Group activities,"Yes, I’m open to trying new events","Science, Competitive Exams / Certifications, Soft Skills (Communication, Leadership)","Coursera, LinkedIn Learning","Based on interest, Recommended by peers","Interactive Quizzes, Notes/PDF",1,3,4,4,4,5,5,5,4,5,4,Online,Monthly,Yes,,,,
04/08/2025 02:57:37,3rd Year,Applied Sciences,3.1 – 3.5,Ambivert (I like both alone time and being with people),Group activities,"Yes, I’m open to trying new events","Science, Psychology","YouTube, KhanAcademy, University LMS","Random browsing, Suggested by platform","Video Lectures, Notes/PDF",3,2,4,2,2,5,5,1,2,2,1,Hybrid,Occasionally,Yes,"Academic,sports",,,
04/08/2025 02:59:44,1st Year,Applied Sciences,2.0 – 2.5,Ambivert (I like both alone time and being with people),Group activities,"Yes, I’m open to trying new events",Psychology,"YouTube, University LMS","Random browsing, Suggested by platform","Video Lectures, Notes/PDF",3,2,1,2,2,3,4,2,2,2,2,Physical,Rarely,No,,,,
04/08/2025 03:00:25,3rd Year,Applied Sciences,2.6 – 3.0,Ambivert (I like both alone time and being with people),Group activities,"Yes, I’m open to trying new events","Technology, Soft Skills (Communication, Leadership)","KhanAcademy, University LMS",Based on interest,"Notes/PDF, Live Sessions",1,2,1,2,3,1,2,3,3,3,3,Online,Monthly,Yes,,,,
04/08/2025 03:00:38,1st Year,Applied Sciences,2.0 – 2.5,Ambivert (I like both alone time and being with people),Individual sessions,"Maybe, it depends on the event","Business & Management, Competitive Exams / Certifications","YouTube, University LMS",Required for exams,"Video Lectures, Interactive Quizzes",5,3,4,4,4,3,4,5,4,4,5,Hybrid,Monthly,Yes,Cultural,4,,
04/08/2025 03:01:05,2nd Year,Applied Sciences,2.6 – 3.0,Extrovert (I enjoy being with others),Group activities,"Maybe, it depends on the event","Science, Competitive Exams / Certifications","Coursera, KhanAcademy, University LMS",Random browsing,"Video Lectures, Notes/PDF, Live Sessions",2,1,2,1,1,2,5,2,2,1,1,Hybrid,Occasionally,No,,,,
12/08/2025 11:43:06,1st Year,Applied Sciences,2.0 – 2.5,Introvert (I like being alone),Individual sessions,"No, I prefer familiar events","Business & Management, Soft Skills (Communication, Leadership)","YouTube, LinkedIn Learning","Based on interest, Random browsing","Video Lectures, Interactive Quizzes, Notes/PDF",3,5,5,4,1,4,4,3,4,2,5,Online,No preference,No,,,,
12/08/2025 12:08:16,3rd Year,Applied Sciences,2.0 – 2.5,Introvert (I like being alone),Individual sessions,"Maybe, it depends on the event","Psychology, Soft Skills (Communication, Leadership)","LinkedIn Learning, University LMS",Suggested by platform,Notes/PDF,3,5,3,2,1,3,4,5,3,4,5,Online,Occasionally,Yes,Social ,4,Meet new people,-
12/08/2025 12:16:29,2nd Year,Applied Sciences,Below 2.0,Extrovert (I enjoy being with others),Group activities,"Yes, I’m open to trying new events","Psychology, Competitive Exams / Certifications, Soft Skills (Communication, Leadership)","YouTube, University LMS","Recommended by peers, Required for exams","Video Lectures, Interactive Quizzes, Discussion Forums",2,4,5,4,3,4,5,3,3,1,4,Physical,Occasionally,Yes,Sports meet,4,,
12/08/2025 12:24:18,2nd Year,Applied Sciences,2.0 – 2.5,Extrovert (I enjoy being with others),Group activities,"Yes, I’m open to trying new events",Science,"YouTube, KhanAcademy, University LMS","Based on interest, Recommended by peers, Required for exams",Notes/PDF,4,3,4,3,4,3,4,3,5,5,4,No preference,Monthly,Yes, Sports ,3,,
12/08/2025 14:02:42,2nd Year,Applied Sciences,2.6 – 3.0,Extrovert (I enjoy being with others),Group activities,"Yes, I’m open to trying new events","Technology, Soft Skills (Communication, Leadership)","YouTube, University LMS",Random browsing,"Video Lectures, Notes/PDF, Discussion Forums",3,2,4,2,4,3,3,2,5,3,2,Hybrid,Occasionally,No,,,,
12/08/2025 14:04:14,2nd Year,Applied Sciences,2.6 – 3.0,Ambivert (I like both alone time and being with people),Group activities,"Maybe, it depends on the event",Psychology,University LMS,Suggested by platform,Notes/PDF,2,3,4,3,2,2,3,2,4,2,5,Hybrid,Occasionally,Yes,Career-related,5,,
12/08/2025 14:06:02,2nd Year,Applied Sciences,2.6 – 3.0,Introvert (I like being alone),Individual sessions,"Maybe, it depends on the event","Technology, Competitive Exams / Certifications, Soft Skills (Communication, Leadership)","YouTube, University LMS","Based on interest, Suggested by platform","Video Lectures, Notes/PDF",3,4,3,2,3,2,3,3,5,2,4,Physical,Occasionally,No,,,,
12/08/2025 14:07:57,2nd Year,Applied Sciences,3.1 – 3.5,Introvert (I like being alone),Individual sessions,"No, I prefer familiar events","Technology, Business & Management, Soft Skills (Communication, Leadership)","LinkedIn Learning, University LMS","Random browsing, Suggested by platform",Notes/PDF,2,2,3,2,3,2,1,2,5,2,4,Hybrid,Monthly,Yes,"Career-related ,Academic",4,,
12/08/2025 14:09:16,2nd Year,Applied Sciences,2.6 – 3.0,Ambivert (I like both alone time and being with people),Group activities,"Maybe, it depends on the event","Technology, Business & Management, Competitive Exams / Certifications, Soft Skills (Communication, Leadership)","YouTube, Coursera, University LMS","Random browsing, Suggested by platform","Video Lectures, Notes/PDF, Live Sessions",3,3,2,3,2,2,4,2,5,3,4,Hybrid,Monthly,No,,,,
12/08/2025 14:10:44,2nd Year,Applied Sciences,2.0 – 2.5,Introvert (I like being alone),Individual sessions,"No, I prefer familiar events","Technology, Competitive Exams / Certifications",University LMS,Suggested by platform,Notes/PDF,4,4,3,4,3,2,3,4,4,3,3,Physical,Occasionally,No,,,,
12/08/2025 14:14:06,2nd Year,Applied Sciences,2.0 – 2.5,Ambivert (I like both alone time and being with people),No preference,"No, I prefer familiar events",Technology,University LMS,Suggested by platform,Notes/PDF,3,3,2,3,4,2,4,4,5,4,4,Physical,Monthly,Yes,,5,,
12/08/2025 14:16:02,2nd Year,Applied Sciences,2.0 – 2.5,Ambivert (I like both alone time and being with people),Group activities,"Yes, I’m open to trying new events","Technology, Competitive Exams / Certifications",University LMS,Suggested by platform,Notes/PDF,4,4,4,4,4,2,4,4,5,4,4,Physical,Monthly,Yes,,5,,
12/08/2025 14:17:22,2nd Year,Applied Sciences,3.1 – 3.5,Ambivert (I like both alone time and being with people),Group activities,"Yes, I’m open to trying new events","Technology, Science, Soft Skills (Communication, Leadership)","LinkedIn Learning, University LMS",Suggested by platform,Notes/PDF,4,4,5,4,5,2,4,4,5,4,4,Physical,Occasionally,No,,,,
12/08/2025 14:18:36,2nd Year,Applied Sciences,2.0 – 2.5,Ambivert (I like both alone time and being with people),Group activities,"Maybe, it depends on the event",Technology,University LMS,Suggested by platform,Notes/PDF,5,4,5,4,5,2,4,5,5,4,5,Hybrid,Occasionally,No,,,,
12/08/2025 14:20:24,2nd Year,Applied Sciences,Below 2.0,Extrovert (I enjoy being with others),Group activities,"No, I prefer familiar events",Technology,"LinkedIn Learning, University LMS","Random browsing, Suggested by platform",Notes/PDF,5,5,4,4,4,3,4,4,5,4,4,Physical,Occasionally,Yes,,5,,
12/08/2025 14:21:32,2nd Year,Applied Sciences,2.6 – 3.0,Introvert (I like being alone),Individual sessions,"Maybe, it depends on the event",Technology,University LMS,Random browsing,Notes/PDF,4,4,4,4,4,3,3,4,4,5,4,Hybrid,Monthly,No,,,,
12/08/2025 14:23:22,2nd Year,Applied Sciences,Below 2.0,Ambivert (I like both alone time and being with people),Group activities,"Maybe, it depends on the event",Technology,University LMS,Based on interest,Notes/PDF,5,5,4,4,5,1,4,4,5,4,5,Physical,Occasionally,No,,,,
12/08/2025 14:24:29,2nd Year,Applied Sciences,2.0 – 2.5,Extrovert (I enjoy being with others),Group activities,"Yes, I’m open to trying new events",Technology,University LMS,Random browsing,Notes/PDF,4,4,4,4,5,1,4,5,5,4,4,Online,Occasionally,No,,,,
12/08/2025 14:25:31,2nd Year,Applied Sciences,2.0 – 2.5,Introvert (I like being alone),Individual sessions,"No, I prefer familiar events",Technology,University LMS,Random browsing,Notes/PDF,5,5,4,5,5,2,2,4,5,4,5,Hybrid,Occasionally,Yes,,4,,
12/08/2025 14:28:46,2nd Year,Applied Sciences,2.6 – 3.0,Ambivert (I like both alone time and being with people),Group activities,"No, I prefer familiar events","Technology, Soft Skills (Communication, Leadership)","LinkedIn Learning, University LMS",Suggested by platform,Notes/PDF,4,4,4,4,4,1,5,4,5,4,5,Online,Monthly,Yes,,4,,
12/08/2025 14:30:16,2nd Year,Applied Sciences,3.1 – 3.5,Introvert (I like being alone),Individual sessions,"No, I prefer familiar events","Technology, Psychology, Soft Skills (Communication, Leadership)","YouTube, University LMS",Suggested by platform,"Video Lectures, Notes/PDF",5,4,5,4,5,1,2,4,5,5,5,Hybrid,Occasionally,Yes,"Academic,career-related",5,,
12/08/2025 14:31:37,2nd Year,Applied Sciences,3.1 – 3.5,Introvert (I like being alone),Individual sessions,"Maybe, it depends on the event","Technology, Psychology","YouTube, LinkedIn Learning, University LMS","Based on interest, Recommended by peers, Suggested by platform","Video Lectures, Notes/PDF, Live Sessions",3,4,5,4,5,3,4,4,5,5,5,Online,Occasionally,No,,,,
12/08/2025 14:36:40,2nd Year,Applied Sciences,2.0 – 2.5,Ambivert (I like both alone time and being with people),Group activities,"Yes, I’m open to trying new events",Technology,University LMS,Suggested by platform,Notes/PDF,4,4,4,4,4,2,3,3,5,4,5,Hybrid,Occasionally,No,,,,
12/08/2025 14:37:53,2nd Year,Applied Sciences,3.1 – 3.5,Ambivert (I like both alone time and being with people),Group activities,"Yes, I’m open to trying new events","Technology, Psychology, Soft Skills (Communication, Leadership)","YouTube, LinkedIn Learning, University LMS","Based on interest, Recommended by peers, Suggested by platform","Video Lectures, Notes/PDF, Live Sessions",4,4,4,4,4,3,3,4,5,4,4,Hybrid,Occasionally,No,,,,
12/08/2025 14:42:09,2nd Year,Applied Sciences,3.1 – 3.5,Ambivert (I like both alone time and being with people),Group activities,"Yes, I’m open to trying new events",Technology,University LMS,Recommended by peers,Notes/PDF,5,4,4,5,4,2,3,5,5,5,5,Online,Occasionally,No,,,,
12/08/2025 14:44:23,2nd Year,Applied Sciences,3.1 – 3.5,Ambivert (I like both alone time and being with people),No preference,"No, I prefer familiar events","Technology, Psychology","YouTube, University LMS","Based on interest, Suggested by platform","Video Lectures, Notes/PDF",5,5,5,5,5,1,4,5,5,5,5,Online,Occasionally,No,,5,,
12/08/2025 14:45:44,2nd Year,Applied Sciences,2.6 – 3.0,Introvert (I like being alone),Individual sessions,"Yes, I’m open to trying new events",Technology,University LMS,Based on interest,Notes/PDF,4,4,4,5,5,1,3,4,5,5,5,Hybrid,Monthly,No,,,,
12/08/2025 18:46:23,1st Year,Applied Sciences,2.6 – 3.0,Ambivert (I like both alone time and being with people),No preference,"Maybe, it depends on the event","Science, Psychology, Soft Skills (Communication, Leadership)","YouTube, KhanAcademy","Based on interest, Recommended by peers","Video Lectures, Live Sessions",4,5,3,3,2,4,3,4,2,5,4,Hybrid,Rarely,No,,,,
12/08/2025 18:54:48,3rd Year,Applied Sciences,Below 2.0,Extrovert (I enjoy being with others),Group activities,"Yes, I’m open to trying new events","Technology, Competitive Exams / Certifications, Soft Skills (Communication, Leadership)","YouTube, University LMS",Recommended by peers,Live Sessions,4,4,2,5,4,2,4,3,4,5,3,Physical,Monthly,Yes,Cultural,4,,
12/08/2025 18:57:23,2nd Year,Applied Sciences,2.0 – 2.5,Extrovert (I enjoy being with others),Group activities,"Yes, I’m open to trying new events","Science, Competitive Exams / Certifications",YouTube,Required for exams,"Video Lectures, Live Sessions",4,5,3,2,5,4,3,4,3,5,4,Physical,Occasionally,Yes,Sports,3,,
12/08/2025 18:59:51,1st Year,Applied Sciences,2.6 – 3.0,Ambivert (I like both alone time and being with people),No preference,"Maybe, it depends on the event","Technology, Competitive Exams / Certifications","YouTube, University LMS","Based on interest, Required for exams","Video Lectures, Discussion Forums, Live Sessions",5,4,2,3,4,3,4,4,5,3,4,Hybrid,Rarely,Yes,Hostel night ,3,,
12/08/2025 19:04:06,1st Year,Applied Sciences,2.6 – 3.0,Introvert (I like being alone),Individual sessions,"No, I prefer familiar events","Science, Soft Skills (Communication, Leadership)","YouTube, KhanAcademy, University LMS","Based on interest, Required for exams","Video Lectures, Notes/PDF",4,3,3,5,4,4,3,2,3,2,5,Online,Occasionally,Yes,Academic ,4,,
12/08/2025 19:06:53,3rd Year,Applied Sciences,2.6 – 3.0,Introvert (I like being alone),Individual sessions,"No, I prefer familiar events","Technology, Competitive Exams / Certifications",YouTube,"Based on interest, Required for exams",Video Lectures,1,3,3,2,5,4,2,2,5,4,4,Online,Monthly,Yes,Academic ,3,,
12/08/2025 19:11:35,2nd Year,Applied Sciences,2.0 – 2.5,Ambivert (I like both alone time and being with people),No preference,"Maybe, it depends on the event","Psychology, Soft Skills (Communication, Leadership)",University LMS,Based on interest,Notes/PDF,2,5,4,5,3,3,4,3,4,4,5,Hybrid,Rarely,Yes,Sports ,4,,
12/08/2025 19:25:34,1st Year,Applied Sciences,2.6 – 3.0,Ambivert (I like both alone time and being with people),No preference,"Maybe, it depends on the event","Technology, Competitive Exams / Certifications","YouTube, University LMS",Required for exams,"Video Lectures, Live Sessions",3,4,3,2,4,4,2,3,5,2,4,Online,Occasionally,Yes,Hackathon ,4,,
12/08/2025 19:27:17,1st Year,Applied Sciences,3.1 – 3.5,Introvert (I like being alone),Individual sessions,"No, I prefer familiar events","Technology, Science","YouTube, KhanAcademy, University LMS","Based on interest, Required for exams","Video Lectures, Notes/PDF, Live Sessions",1,3,3,5,3,4,3,3,5,2,4,Online,Occasionally,No,,,,
12/08/2025 19:33:38,2nd Year,Applied Sciences,2.0 – 2.5,Ambivert (I like both alone time and being with people),No preference,"Maybe, it depends on the event","Business & Management, Competitive Exams / Certifications",YouTube,Based on interest,Video Lectures,1,3,3,5,3,4,5,3,3,4,4,Hybrid,No preference,Yes,,,,
12/08/2025 19:35:29,1st Year,Applied Sciences,3.1 – 3.5,Ambivert (I like both alone time and being with people),No preference,"No, I prefer familiar events","Psychology, Soft Skills (Communication, Leadership)","YouTube, University LMS","Based on interest, Recommended by peers","Video Lectures, Interactive Quizzes",1,3,3,5,3,4,3,4,3,4,5,Hybrid,No preference,Yes,,,,
12/08/2025 19:38:25,1st Year,Applied Sciences,2.6 – 3.0,Ambivert (I like both alone time and being with people),No preference,"No, I prefer familiar events","Technology, Science, Soft Skills (Communication, Leadership)","YouTube, LinkedIn Learning, University LMS","Based on interest, Required for exams, Random browsing","Video Lectures, Interactive Quizzes, Live Sessions",1,3,2,2,3,4,3,3,5,4,4,Hybrid,No preference,Yes,Social ,4,,
12/08/2025 19:40:00,3rd Year,Applied Sciences,2.6 – 3.0,Ambivert (I like both alone time and being with people),Individual sessions,"Maybe, it depends on the event",Science,University LMS,Required for exams,"Video Lectures, Notes/PDF",3,4,4,3,5,5,3,4,4,2,4,Hybrid,Rarely,Yes,,4,,
12/08/2025 19:41:44,2nd Year,Applied Sciences,Below 2.0,Extrovert (I enjoy being with others),Group activities,"Yes, I’m open to trying new events","Business & Management, Soft Skills (Communication, Leadership)",University LMS,"Recommended by peers, Required for exams","Notes/PDF, Live Sessions",5,4,4,5,4,3,3,4,3,5,4,Physical,Occasionally,Yes,,4,,
12/08/2025 19:43:12,1st Year,Applied Sciences,3.1 – 3.5,Ambivert (I like both alone time and being with people),Individual sessions,"Maybe, it depends on the event","Technology, Science, Competitive Exams / Certifications, Soft Skills (Communication, Leadership)","YouTube, KhanAcademy, LinkedIn Learning, University LMS","Based on interest, Required for exams, Suggested by platform","Video Lectures, Interactive Quizzes, Notes/PDF, Live Sessions",3,5,4,4,3,4,3,2,5,2,4,Online,Occasionally,Yes,,3,,
12/08/2025 19:44:43,1st Year,Applied Sciences,2.0 – 2.5,Ambivert (I like both alone time and being with people),No preference,"Maybe, it depends on the event","Science, Psychology, Soft Skills (Communication, Leadership)",University LMS,"Based on interest, Required for exams","Video Lectures, Notes/PDF",3,5,4,5,4,4,3,3,4,3,5,Hybrid,No preference,Yes,,4,,
12/08/2025 19:46:52,2nd Year,Applied Sciences,2.0 – 2.5,Introvert (I like being alone),Individual sessions,"No, I prefer familiar events","Business & Management, Soft Skills (Communication, Leadership)",YouTube,Required for exams,"Video Lectures, Discussion Forums, Live Sessions",1,2,5,5,4,3,3,2,4,4,5,Hybrid,Occasionally,No,,,,
12/08/2025 19:49:28,3rd Year,Applied Sciences,2.0 – 2.5,Ambivert (I like both alone time and being with people),No preference,"No, I prefer familiar events","Competitive Exams / Certifications, Soft Skills (Communication, Leadership)","YouTube, University LMS","Based on interest, Required for exams","Video Lectures, Notes/PDF",4,2,3,5,4,3,5,4,3,4,4,No preference,No preference,Yes,,3,,
12/08/2025 19:52:16,1st Year,Applied Sciences,2.6 – 3.0,Introvert (I like being alone),Individual sessions,"Maybe, it depends on the event",Competitive Exams / Certifications,University LMS,"Recommended by peers, Required for exams","Notes/PDF, Live Sessions",3,4,5,3,4,3,3,4,5,3,4,Online,No preference,Yes,Social ,2,,
12/08/2025 19:53:53,3rd Year,Applied Sciences,2.0 – 2.5,Ambivert (I like both alone time and being with people),Group activities,"Maybe, it depends on the event",Psychology,University LMS,"Based on interest, Required for exams","Video Lectures, Notes/PDF",4,5,4,2,1,3,4,3,4,5,4,Hybrid,Rarely,Yes,,3,,
12/08/2025 20:04:32,1st Year,Applied Sciences,2.6 – 3.0,Introvert (I like being alone),Individual sessions,"No, I prefer familiar events","Technology, Competitive Exams / Certifications, Soft Skills (Communication, Leadership)","YouTube, University LMS","Based on interest, Required for exams, Random browsing","Video Lectures, Notes/PDF",4,3,5,3,4,3,4,2,5,3,4,Online,Rarely,Yes,,4,,
12/08/2025 20:06:10,1st Year,Applied Sciences,2.6 – 3.0,Extrovert (I enjoy being with others),Group activities,"Yes, I’m open to trying new events","Technology, Competitive Exams / Certifications, Soft Skills (Communication, Leadership)","YouTube, LinkedIn Learning, University LMS","Based on interest, Required for exams, Random browsing","Video Lectures, Discussion Forums",4,4,3,5,3,4,4,3,5,4,4,Physical,Occasionally,Yes,Academic ,2,Good ,
12/08/2025 20:07:59,3rd Year,Applied Sciences,2.0 – 2.5,Extrovert (I enjoy being with others),Group activities,"Maybe, it depends on the event","Technology, Science, Competitive Exams / Certifications","YouTube, Coursera, KhanAcademy, University LMS","Based on interest, Random browsing","Video Lectures, Interactive Quizzes",5,4,5,4,2,4,4,3,5,4,3,Physical,Occasionally,Yes,"Academic, Social ",3,,